姓名,关系,条目人数,性别,年龄,出生地,学历,毕业院校,公司名称,公司总部地,所在行业,排名,排名变化,财富值_人民币/亿元,财富值变化
张一鸣,未知,1,先生,41,中国-福建-龙岩,本科,南开,字节跳动,北京,社交媒体,1,4,3500,43%
钟睒睒,未知,1,先生,70,中国-浙江-绍兴,,,养生堂,浙江杭州,饮料、医疗保健,2,-1,3400,-24%
马化腾,未知,1,先生,53,中国-海南,本科,深圳大学,腾讯,广东深圳,互联网服务,3,-1,3150,13%
黄峥,未知,1,先生,44,中国-浙江-杭州,硕士,浙大、威斯康星大学,拼多多,上海长宁,购物网站,4,-1,2450,-9%
何享健,家族,1,先生,82,中国-广东-佛山,,,美的,广东佛山,家电制造,5,3,2350,18%
曾毓群,未知,1,先生,56,中国-福建-宁德,博士,上交大、中科院,宁德时代,福建宁德,锂电池,6,-2,2000,-20%
丁磊,未知,1,先生,53,中国-浙江-宁波,本科,电子科技,网易,浙江杭州,互联网技术,6,0,2000,-17%
李嘉诚,父子,2,先生,96,中国-香港,,,长江实业,香港,投资,6,1,2000,-5%
李泽钜,父子,2,先生,60,中国-广东-潮州,,,长江实业,香港,投资,6,1,2000,-5%
李兆基,家族,1,先生,96,中国-广东-佛山,,,恒基兆业,香港,房地产,9,2,1750,9%
马云,家族,1,先生,60,中国-浙江-杭州,本科,杭州师范学院,阿里系,浙江杭州,电子商务、金融科技,10,0,1650,-3%
李书福,家族,1,先生,61,中国-浙江-台州,博士,哈工大、燕山、哈工大,吉利,浙江杭州,汽车制造,11,-2,1450,-17%
严昊,未知,1,先生,38,中国-江苏-淮安,本科,南京师范大学,太平洋建设,新疆乌鲁木齐,基础建设,11,1,1450,-3%
张刚,家族,1,先生,43,中国-山东-聊城,硕士,西北工业、澳大利亚中央昆士兰大学,信发铝电,山东聊城,电解铝、氧化铝,11,5,1450,7%
李蔡美灵,家族,1,先生,未知,中国-香港,,,李锦记,香港,调味品,14,0,1400,0%
吕向阳,夫妇,2,先生,61,中国-安徽-芜湖,,,融捷,广东广州,投资,14,0,1400,0%
张长虹,夫妇,2,女士,63,,,,融捷,广东广州,投资,14,0,1400,0%
秦英林,夫妇,2,先生,59,中国-河南-南阳,本科,河南农业大学,牧原,河南南阳,畜牧,16,-3,1350,-7%
钱瑛,夫妇,2,女士,58,,,,牧原,河南南阳,畜牧,16,-3,1350,-7%
王传福,未知,1,先生,58,中国-安徽-芜湖,本科,中南,比亚迪,广东深圳,汽车、充电电池,16,0,1350,0%
赵长鹏,未知,1,先生,47,中国-江苏-连云港,本科,麦吉尔大学,币安,美国,虚拟货币交易所,16,81,1350,200%
雷军,未知,1,先生,55,中国-湖北-仙桃,本科,武大,小米,北京,智能硬件与技术、投资,19,15,1300,38%
陈建华,夫妇,2,先生,53,中国-江苏-苏州,硕士,南京师范,恒力,江苏苏州,化纤、石化、房地产,20,0,1250,0%
范红卫,夫妇,2,女士,57,,,,恒力,江苏苏州,化纤、石化、房地产,20,0,1250,0%
张志东,未知,1,先生,52,中国-广东-东莞,硕士,深圳、华南理工,腾讯,广东深圳,互联网服务,20,6,1250,14%
刘永行,父子,2,先生,76,中国-四川-成都,博士,西华、恒生国际、美国波士顿,东方希望,上海浦东,氧化铝、重化工、饲料,22,-4,1200,-8%
刘相宇,父子,2,先生,49,,,,东方希望,上海浦东,氧化铝、重化工、饲料,22,-4,1200,-8%
王卫,未知,1,先生,54,中国-上海,,,顺丰,广东深圳,快递,23,-3,1100,-12%
魏建军,夫妇,2,先生,60,中国-河北-保定,,,长城,河北保定,汽车制造,23,1,1100,-8%
韩雪娟,夫妇,2,女士,58,,,,长城,河北保定,汽车制造,23,1,1100,-8%
郑淑良,家族,1,先生,78,中国-山东,,,魏桥创业,山东滨州,铝业、纺织,23,15,1100,31%
李西廷,未知,1,先生,73,中国-安徽-宿州,本科,中科大,迈瑞,广东深圳,医疗器械,26,1,1000,0%
党彦宝,未知,1,先生,51,,本科,宁夏,宝丰,宁夏银川,煤化工,27,4,950,0%
徐航,未知,1,先生,62,中国-广东-广州,本科,清华,迈瑞、鹏瑞,广东深圳,医疗器械、房地产,27,0,950,-5%
郑家纯,家族,1,先生,76,中国-香港,,,周大福,香港,珠宝,27,-9,950,-27%
郭台铭,未知,1,先生,74,中国-台湾-新北,,,鸿海,台湾台北,电子制造,30,36,930,55%
吴光正,家族,1,先生,78,中国-上海,,,会德丰,香港,房地产,30,-3,930,-7%
刘銮雄,家族,1,先生,73,中国-香港,,,华人置业,香港,房地产,32,3,910,-1%
黄世霖,未知,1,先生,57,中国-福建-宁德,本科,合肥工业大学,宁德时代,福建宁德,锂电池,33,-8,890,-23%
王兴,未知,1,先生,45,中国-福建-龙岩,本科,清华,美团,北京,生活服务,34,-14,885,-29%
庞康,未知,1,先生,68,中国-广东-佛山,本科,,海天味业,广东佛山,调味品,35,5,870,9%
杜纪川,未知,1,先生,83,中国-重庆,,,金士顿科技,美国洛杉矶,半导体,36,4,850,6%
孙大卫,未知,1,先生,73,中国-台湾-台北,,,金士顿科技,美国洛杉矶,半导体,36,4,850,6%
林立,未知,1,先生,61,中国-广东-河源,硕士,湖北工,立业,广东深圳,投资,38,-2,810,-10%
宗馥莉,未知,1,女士,未知,,,,娃哈哈,浙江杭州,饮料,38,-7,810,-15%
吕志和,家族,1,先生,95,中国-香港,,,银河,香港,博彩,40,-20,800,-36%
严彬,未知,1,先生,70,中国-河南-新乡,,,华彬,北京,饮料、地产,40,-13,800,-20%
钟慧娟,未知,1,女士,63,,,,翰森,江苏连云港,医药,42,69,770,83%
李泽楷,未知,1,先生,58,中国-香港,,,电讯盈科,香港,电信,43,1,750,-3%
蔡浩宇,未知,1,先生,37,中国-山东-济南,,,米哈游,上海,游戏,44,11,730,9%
张聪渊,家族,1,先生,76,中国-台湾-桃园,,,华利实业,广东中山,鞋业,45,26,720,24%
刘汉元,夫妇,2,先生,60,中国-四川-眉山,,北大光华管理学院,通威,四川成都,新能源、农业,46,-15,700,-26%
管亚梅,夫妇,2,女士,未知,,,,通威,四川成都,新能源、农业,46,-15,700,-26%
林百里,家族,1,先生,75,中国-上海,,,广达电脑,台湾桃园,消费电子产品,47,12,695,10%
刘永好,家族,1,先生,73,中国-四川-成都,,四川工程职业技术学院,新希望,四川成都,农业、化工、金融,48,-11,690,-20%
蔡崇信,未知,1,先生,60,中国-台湾,,,阿里系,浙江杭州,电子商务、金融科技,49,37,680,42%
陈东升,家族,1,先生,67,中国-湖北-荆门,博士,武大、武大,泰康,北京,保险,50,0,670,-4%
项光达,未知,1,先生,66,中国-浙江-温州,,,青山控股,浙江温州,钢铁,50,94,670,97%
于泳,未知,1,先生,未知,,,,鸿商产业,上海浦东,钼矿,50,9,670,6%
张国华,家族,1,先生,69,中国-台湾-台北,,,长荣集团,台湾台北,物流、钢铁,50,35,670,38%
邝肖卿,未知,1,女士,95,中国-香港,,,新鸿基,香港,房地产,54,-8,665,-8%
孙飘扬,未知,1,先生,66,中国-江苏-镇江,硕士,中国药科、南大,恒瑞,江苏连云港,医药,55,9,650,7%
周群飞,夫妇,2,女士,54,中国-湖南-湘潭,,,蓝思科技,湖南长沙,电子器件制造,56,36,635,40%
郑俊龙,夫妇,2,先生,52,,,,蓝思科技,湖南长沙,电子器件制造,56,36,635,40%
王来胜,父女,2,先生,60,中国-广东-汕头,,,立讯精密,广东深圳,消费电子,57,19,630,17%
王雅媛,父女,2,女士,32,中国-广东-河源,,,立讯精密,广东深圳,消费电子,57,19,630,17%
徐浩宇,家族,1,先生,52,中国-江苏-泰州,,,扬子江药业,江苏泰州,医药,57,9,630,5%
王来春,未知,1,女士,57,中国-广东-汕头,,清华大学深圳研究生院,立讯精密,广东深圳,消费电子,59,18,620,17%
朱保国,家族,1,先生,62,中国-河南-新乡,硕士,河南师范、中央党校,健康元,广东深圳,医药,59,-1,620,-3%
龚虹嘉,夫妇,2,先生,59,,本科,华中科技,海康威视,浙江杭州,视频监控产品,61,-14,615,-13%
陈春梅,夫妇,2,女士,59,,,,海康威视,浙江杭州,视频监控产品,61,-14,615,-13%
岑均达,未知,1,先生,未知,,,,恒瑞、翰森,江苏连云港,医药,62,17,610,22%
梁稳根,父子,2,先生,68,中国-湖南-娄底,本科,中南,三一,北京,重型机械,63,-16,600,-15%
梁在中,父子,2,未知,未知,中国-河南-周口,本科,中南大学英国华威大学,三一,北京,重型机械,63,-16,600,-15%
王玉锁,夫妇,2,先生,60,中国-河北-廊坊,硕士,人大、天津财经,新奥,河北廊坊,天然气、能源化工,63,12,600,9%
赵宝菊,夫妇,2,女士,59,,本科,首都师范,新奥,河北廊坊,天然气、能源化工,63,12,600,9%
陈天桥,夫妇,2,先生,51,中国-浙江-绍兴,本科,复旦,盛大,上海浦东,投资,65,12,590,11%
雒芊芊,夫妇,2,女士,未知,,本科,中国金融,盛大,上海浦东,投资,65,12,590,11%
汪俊林,未知,1,先生,62,中国-四川-眉山,本科,泸州医,郎酒,四川成都,白酒,65,-18,590,-17%
杜双华,未知,1,先生,59,中国-河北-衡水,,,日照钢铁,山东日照,钢铁,67,6,575,1%
陈丽华,未知,1,女士,83,中国-北京,博士,美国佐治亚州萨凡那艺术设计学院荣誉博士,富华,北京,房地产、紫檀博物馆,68,3,550,-5%
李水荣,未知,1,先生,68,中国-浙江,,,荣盛控股,浙江杭州,化纤,68,-15,550,-19%
张勇,夫妇,2,先生,53,中国-四川-成都,,,海底捞,北京,餐饮,70,-25,540,-28%
舒萍,夫妇,2,女士,54,,,,海底捞,北京,餐饮,70,-25,540,-28%
李彦宏,夫妇,2,先生,56,中国-山西-阳泉,硕士,北大、布法罗纽约州立,百度,北京,网络信息服务,71,-32,525,-36%
马东敏,夫妇,2,女士,54,中国-安徽-合肥,博士,中科大少年班、新泽西州立,百度,北京,网络信息服务,71,-32,525,-36%
曹仁贤,夫妇,2,先生,56,中国-浙江-杭州,硕士,,阳光电源,安徽合肥,光伏设备,72,14,520,8%
苏蕾,夫妇,2,女士,未知,中国-浙江-杭州,,,阳光电源,安徽合肥,光伏设备,72,14,520,8%
刘强东,夫妇,2,先生,50,中国-江苏-宿迁,本科,人大,京东,北京,电子商务、金融,72,-6,520,-13%
章泽天,夫妇,2,女士,31,中国-江苏-南京,本科,清华大学,京东,北京,电子商务、金融,72,-6,520,-13%
林木勤,父子,2,先生,60,中国-广东-深圳,,,东鹏饮料,广东深圳,食品饮料,74,34,510,17%
林煜鹏,父子,2,先生,未知,,,,东鹏饮料,广东深圳,食品饮料,74,34,510,17%
朱义,未知,1,先生,61,,,,百利天恒,四川成都,医药,74,114,510,89%
汪立平,家族,1,先生,58,中国-江苏-无锡,,,恒立液压,江苏常州,高压油缸,76,-12,500,-18%
许仰天,未知,1,先生,40,山东-淄博,,青岛科技大学-本科,希音,广东广州,电商,76,3,500,0%
严昕,未知,1,女士,41,中国-江苏-淮安,,,苏商,上海,基础设施建设,76,13,500,6%
林斌,未知,1,先生,56,,硕士,中山大学、Drexel Universit,小米,北京,智能硬件与技术,79,61,490,42%
罗立国,家族,1,先生,68,中国-浙江-宁波,,,合盛,浙江宁波,硅材料,79,-13,490,-18%
吴亚军,家族,1,女士,60,中国-重庆,本科,西北工业,龙湖,北京,房地产,79,-22,490,-26%
裴振华,夫妇,2,先生,未知,,,,天华超净,江苏苏州,超净产品,82,-19,480,-23%
容建芬,夫妇,2,女士,未知,,,,天华超净,江苏苏州,超净产品,82,-19,480,-23%
许世辉,家族,1,先生,67,中国-福建-泉州,,,达利食品,福建泉州,食品,82,9,480,4%
蔡明兴,家族,1,先生,67,中国-台湾,,,富邦,台湾台北,金融服务,84,56,460,33%
陈邦,未知,1,先生,59,中国-湖南-长沙,硕士,,爱尔眼科,湖南长沙,医疗服务,84,-44,460,-43%
黄楚龙,家族,1,先生,65,中国-广东-揭阳,,,星河,广东深圳,房地产、投资,86,-2,450,-8%
李华,未知,1,先生,58,中国-四川,本科,华南理工,卓越,广东深圳,房地产,86,-31,450,-33%
蔡明忠,家族,1,先生,68,中国-台湾,,,富邦,台湾台北,金融服务,88,67,440,38%
谢青,未知,1,先生,未知,中国-北京,硕士,斯坦福大学,飞塔,美国旧金山,网路安全,88,42,440,24%
李天颖,家族,1,先生,未知,中国-香港,,,新鸿基,香港,房地产,90,2,435,-4%
米高·嘉道理,家族,1,先生,83,中国-香港,,,中电,香港,能源,90,23,435,6%
陈贤哲,家族,1,先生,71,中国-台湾,,,北极星,台湾台北,投资,92,5,430,-4%
张虔生,家族,1,先生,80,中国-台湾,,,日月光,台湾高雄,工业品、房地产,92,38,430,21%
虞仁荣,未知,1,先生,58,,本科,清华,韦尔股份,上海浦东,半导体,94,8,425,-4%
蔡宏图,家族,1,先生,72,中国-台湾,,,霖园,台湾台北,金融服务,95,55,420,29%
杨惠妍,家族,1,女士,43,中国-广东-佛山,本科,俄亥俄州立,碧桂园,广东佛山,投资、房地产、教育,95,-9,420,-13%
沈国军,家族,1,先生,62,中国-浙江-宁波,硕士,中南财经,银泰,北京,零售、房地产、物流,97,-38,415,-34%
宋建波,家族,1,先生,54,中国-山东-烟台,,,南山,山东烟台,铝业、纺织、房地产,97,26,415,11%
霍斯特·帕德威尔,家族,1,先生,79,中国-香港,,,创科实业,香港,消费品,99,66,410,34%
鲁伟鼎,家族,1,先生,53,中国-浙江-杭州,,,万向,浙江杭州,汽车制造业、房地产、农业,99,6,410,-7%
其实,家族,1,先生,54,中国-上海,博士,上交大、复旦,东方财富,上海徐汇,信息服务,99,-33,410,-32%
阮立平,未知,1,先生,60,,,,公牛,浙江宁波,插座,99,6,410,-7%
方威,未知,1,先生,51,中国-辽宁-沈阳,,,方大,北京,碳素、钢铁、煤焦,103,-44,405,-36%
蒋仁生,家族,1,先生,71,中国-广西-桂林,,桂林医学院,智飞生物,重庆,疫苗,103,-50,405,-40%
阮学平,未知,1,先生,52,,,,公牛,浙江宁波,插座,103,2,405,-8%
朱孟依,家族,1,先生,65,中国-广东-梅州,,,合生创展,广东广州,房地产、投资,103,-11,405,-11%
蔡衍明,家族,1,先生,67,中国-台湾-台北,,,旺旺,台湾台北,食品和饮料,107,2,400,-7%
丁世忠,未知,1,先生,54,中国-福建-泉州,,,安踏,福建厦门,体育用品,107,-5,400,-10%
赖海民,未知,1,先生,58,中国-广东-揭阳,,,鸿荣源,广东深圳,房地产,107,-28,400,-20%
刘伟,未知,1,先生,37,,,,米哈游,上海,游戏,107,19,400,8%
苏海文,家族,1,先生,83,奥地利,,,BW,香港,物流,107,11,400,4%
王旭宁,未知,1,先生,55,中国-北京,硕士,北交大、中欧,JS环球生活,香港,小家电,112,201,395,126%
谢华,未知,1,先生,未知,中国-北京,硕士,曼尼托巴大学,飞塔,美国旧金山,网路安全,113,46,390,24%
蔡政达,家族,1,先生,未知,中国-台湾,,,霖园,台湾台北,金融服务,114,53,385,28%
李平,未知,1,先生,56,,本科,复旦,宁德时代,福建宁德,锂电池,114,-35,385,-23%
曾芳勤,未知,1,女士,59,,,,领益智造,广东江门,消费电子精密件,116,68,380,38%
丁世家,未知,1,先生,60,中国-福建-泉州,,,安踏,福建厦门,体育用品,116,-6,380,-11%
罗宇皓,未知,1,先生,37,,,,米哈游,上海,游戏,116,21,380,9%
沈彬,未知,1,未知,未知,中国-浙江-杭州,本科,中国地址大学,沙钢,江苏苏州,钢铁,116,2,380,-1%
李小冬,未知,1,先生,46,,,,冬海集团,新加坡,网络游戏、电商,120,154,375,92%
谢炳,家族,1,先生,72,中国-广东-汕头,,,中生制药,北京,医药,120,10,375,6%
高德康,家族,1,先生,72,中国-江苏-苏州,,,波司登,江苏苏州,服装,122,40,370,19%
马建荣,家族,1,先生,59,中国-浙江,,,申洲针织,浙江宁波,纺织、服装,122,-20,370,-17%
修涞贵,夫妇,2,先生,69,中国-吉林,本科,吉大,修正药业,吉林长春,医药,122,8,370,4%
李艳华,夫妇,2,女士,66,,,,修正药业,吉林长春,医药,122,8,370,4%
邬建树,未知,1,先生,60,中国-浙江-宁波,,,拓普,浙江宁波,汽车零部件制造,125,-51,360,-36%
陈发树,未知,1,先生,63,中国-福建-泉州,,,新华都,福建福州,医药、零售、投资,126,-4,355,-7%
黄如论,家族,2,先生,73,中国-福建-福州,,,世纪金源,北京,房地产,126,4,355,0%
黄涛,家族,2,先生,48,中国-福建-福州,,,世纪金源,北京,房地产,126,4,355,0%
赖梅松,未知,1,先生,54,,,,中通,上海青浦,物流,128,-10,350,-9%
汪滔,未知,1,先生,44,中国-浙江-杭州,本科,香港科技,大疆,广东深圳,无人机,128,-49,350,-30%
张和君,未知,1,先生,72,,,,德业股份,浙江宁波,电器零部件制造,128,77,350,40%
朱艳,家族,1,先生,53,中国-陕西-渭南,,,贝壳,北京,房地产服务,131,-3,340,-7%
陈志列,夫妇,2,先生,61,中国-江苏-无锡,硕士,西北工业,研祥,广东深圳,特种计算机,132,30,335,8%
王蓉,夫妇,2,女士,未知,,,,研祥,广东深圳,特种计算机,132,30,335,8%
李想,未知,1,先生,43,,,,理想汽车,北京,新能源汽车,132,-82,335,-52%
张忠谋,未知,1,先生,93,中国-浙江-宁波,,,台积电,台湾新竹,半导体,132,142,335,72%
刘金成,夫妇,2,先生,60,中国-湖北-武汉,硕士,武大,亿纬锂能,广东惠州,锂电池,135,-43,330,-27%
骆锦红,夫妇,2,女士,57,中国-广东-惠州,,,亿纬锂能,广东惠州,锂电池,135,-43,330,-27%
张志祥,未知,1,先生,57,中国-浙江-宁波,本科,浙江工业,建龙,北京,钢铁、矿业、船运,135,11,330,-1%
李革,未知,1,先生,57,中国-北京,,美国哥伦比亚大学,药明康德,上海浦东,医药,137,-40,325,-28%
林张素娥,家族,1,先生,未知,,,,联邦,台湾台北,房地产、金融,137,22,325,3%
史玉柱,父女,2,先生,62,中国-安徽-蚌阜,本科,浙大,巨人,上海松江,金融、在线游戏、投资,137,-7,325,-8%
史静,父女,2,女士,未知,,,,巨人,上海松江,金融、在线游戏、投资,137,-7,325,-8%
陈天石,未知,1,先生,39,,,,寒武纪,北京,人工智能芯片,140,150,320,73%
何小鹏,未知,1,先生,47,中国-湖北-黄石,本科,华南理工,小鹏汽车,广东广州,新能源汽车,140,-43,320,-29%
胡凯军,未知,1,先生,62,,,,远大,北京,医药,140,-14,320,-14%
陈金霞,未知,1,女士,56,中国-上海,硕士,上财、人大,涌金投资,上海浦东,医药、投资,143,12,315,-2%
何超琼,未知,1,女士,62,中国-香港,,,信德、美高梅中国,香港,博彩,144,21,310,2%
郭炳联,家族,1,先生,72,中国-香港,,,新鸿基,香港,房地产,145,5,305,-6%
郭基辉,家族,1,先生,41,中国-香港,,,新鸿基,香港,房地产,145,5,305,-6%
施永宏,夫妇,2,先生,54,中国-四川-成都,,,海底捞,北京,餐饮,145,-30,305,-22%
李海燕,夫妇,2,女士,未知,,,,海底捞,北京,餐饮,145,-30,305,-22%
程雪,未知,1,女士,54,中国-江苏-盐城,本科,,海天味业,广东佛山,调味品,148,36,300,9%
董建成,家族,1,先生,81,中国-上海,,,东方海外,香港,运输,148,19,300,0%
林建华,夫妇,2,先生,62,中国-福建,本科,,福斯特,浙江杭州,光伏材料,148,-34,300,-25%
张虹,夫妇,2,女士,64,,,,福斯特,浙江杭州,光伏材料,148,-34,300,-25%
刘益谦,家族,1,先生,61,中国-上海,,,新理益,上海浦东,投资,148,-25,300,-20%
沈南鹏,未知,1,先生,57,中国-浙江-嘉兴,硕士,上交大、耶鲁,红杉,北京,投资,148,40,300,11%
杨建文,家族,1,先生,71,中国-香港,,,伯恩光学,香港,工业产品,148,51,300,15%
易峥,未知,1,先生,54,中国-北京,本科,浙大,同花顺,浙江杭州,软件,148,0,300,-9%
陈凯旋,家族,1,先生,66,中国-广东-揭阳,,中山大学,立白,广东广州,日化用品,155,0,295,-8%
辜仲立,家族,1,先生,57,中国-台湾-台北,,,中信金控,台湾台北,金融服务,155,33,295,9%
蔡奎,家族,1,先生,63,中国-四川-资阳,本科,南航,龙湖,北京,房地产,157,-42,290,-26%
蔡志明,未知,1,先生,79,中国-广东-揭阳,,,旭日国际,香港,玩具,157,22,290,4%
米恩华,家族,1,先生,66,中国-山东-泰安,,,华凌工贸,新疆乌鲁木齐,地产、畜牧,157,17,290,2%
王健林,家族,1,先生,70,中国-四川-绵阳,本科,辽大,万达,北京,房地产、文化,157,-68,290,-38%
吴向东,未知,1,先生,54,中国-湖南-株洲,,,华泽,北京,酒业、投资,157,-17,290,-16%
杨绍鹏,未知,1,先生,68,中国-山东-青岛,,,海丰,香港,航运,157,57,290,21%
尤小平,家族,1,先生,66,中国-浙江-温州,,,华峰,浙江温州,化工、铝业、投资,157,17,290,2%
蔡明介,家族,1,先生,74,中国-台湾,,,联发科技,台湾新竹,半导体,164,116,285,50%
陈华,家族,1,先生,58,中国-广东-湛江,,,京基,广东深圳,房地产、投资,164,-27,285,-19%
郭广昌,未知,1,先生,57,中国-浙江-金华,硕士,复旦、复旦,复星,上海黄浦,投资,164,-20,285,-16%
赵涛,家族,1,先生,58,中国-陕西-西安,硕士,西安医科、美国福坦莫大学,步长,北京,医药,164,6,285,-3%
钭正刚,家族,1,先生,71,中国-浙江,,,锦江,浙江杭州,能源、化工,168,37,280,12%
李华,未知,1,先生,46,,本科,,富途,香港,金融服务,168,20,280,4%
孙广信,未知,1,先生,62,中国-新疆-乌鲁木齐,硕士,西安陆军、社科院,广汇,新疆乌鲁木齐,汽车销售、能源、房地产,168,-9,280,-11%
徐旭东,未知,1,先生,83,中国-上海,,,远东,台湾新北,金融服务,168,85,280,33%
王宁,家族,1,先生,37,中国-河南-新乡,,,泡泡玛特,北京,玩具,172,186,275,72%
李贤义,家族,1,先生,72,中国-福建-泉州,,,信义,香港,玻璃,173,-44,270,-25%
涂辉龙,未知,1,先生,65,中国-广东-汕尾,硕士,武汉江汉石油,海雅,广东深圳,商业、金融、地产,173,15,270,0%
朱鼎健,家族,1,先生,50,中国-香港,本科,加拿大西安大略大学,观澜湖,广东深圳,房地产,173,15,270,0%
梁庆德,家族,1,先生,87,中国-广东-佛山,,,格兰仕,广东佛山,家电,176,-14,265,-15%
夏佐全,未知,1,先生,61,中国-湖北-襄阳,本科,北京科技,比亚迪,广东深圳,汽车、充电电池,176,-2,265,-7%
叶澄海,夫妇,2,先生,81,中国-广东-梅州,硕士,人大、中国党校,信立泰,广东深圳,医药,176,29,265,6%
廖清清,夫妇,2,女士,75,,,,信立泰,广东深圳,医药,176,29,265,6%
江南春,未知,1,先生,51,中国-上海,本科,华东师大,分众传媒,上海长宁,数字新媒体、投资,179,-24,260,-19%
李振国,夫妇,2,先生,56,中国-河南-许昌,硕士,,隆基,陕西西安,硅材料,179,-67,260,-37%
李喜燕,夫妇,2,女士,56,,,,隆基,陕西西安,硅材料,179,-67,260,-37%
林陈海,家族,1,先生,未知,中国-台湾-台北,,,宝佳,台湾新北,房地产,179,64,260,21%
林鸿南,家族,1,先生,57,中国-台湾,,,宏泰,台湾台北,投资,179,33,260,6%
刘克振,家族,1,先生,70,中国-台湾,,,研华,台湾台北,电脑产品,179,35,260,8%
张磊,未知,1,先生,52,中国-河南-驻马店,硕士,人大、耶鲁,高瓴资本,美国纽约,投资,179,35,260,8%
李春安,未知,1,先生,56,中国-甘肃-兰州,硕士,,隆基,陕西西安,硅材料,185,-6,255,-9%
缪汉根,夫妇,2,先生,59,中国-江苏-苏州,,,盛虹,江苏苏州,印染、化纤、房地产,185,-70,255,-35%
朱红梅,夫妇,2,女士,61,,,,盛虹,江苏苏州,印染、化纤、房地产,185,-70,255,-35%
叶国富,夫妇,2,先生,47,中国-湖北-十堰,,,名创优品,广东广州,新零售,185,-67,255,-34%
杨云云,夫妇,2,先生,47,,,,名创优品,广东广州,新零售,185,-67,255,-34%
余竹云,未知,1,先生,51,中国-浙江-衢州,,,中环新能源,安徽合肥,绿色建材、新能源,185,307,255,113%
喻会蛟,家族,1,先生,55,中国-浙江,,,圆通速递,上海青浦,物流,185,17,255,0%
周建平,家族,1,先生,63,中国-江苏-无锡,,,海澜,江苏无锡,服装、投资,185,-14,255,-12%
曹德旺,未知,1,先生,78,中国-福建-福州,,,福耀玻璃,福建福州,玻璃,191,62,250,19%
杜江涛,夫妇,2,先生,55,中国-内蒙古-乌海,本科,北京理工,君正,内蒙古乌海,煤化工、电力、运输,191,14,250,0%
郝虹,夫妇,2,女士,未知,中国-内蒙古-乌海,,,君正,内蒙古乌海,煤化工、电力、运输,191,14,250,0%
缪寿良,未知,1,先生,69,中国-广东,,美国席勒国际大学,富源,广东深圳,房地产、水电,191,-3,250,-7%
彭铁缆,未知,1,先生,未知,中国-湖南-长沙,,,博深集团,湖南长沙,企业服务,191,23,250,4%
宋涛,未知,1,先生,48,,,,米哈游,上海,游戏,191,32,250,6%
严建亚,夫妇,2,先生,58,,,,巨子生物,陕西西安,生物科技,196,36,245,9%
范代娣,夫妇,2,女士,59,,,,巨子生物,陕西西安,生物科技,196,36,245,9%
袁征,家族,1,先生,54,中国-山东,硕士,山东科技大学、斯坦福,zoom,美国旧金山,视频软件,196,3,245,-6%
郭金树,未知,1,先生,73,中国-内蒙古-鄂尔多斯,,,汇能,内蒙古鄂尔多斯,煤炭、路桥、房地产,198,127,240,41%
姜滨,夫妇,2,先生,58,中国-山东-威海,本科,北航,歌尔股份,山东潍坊,声学及多媒体产品,198,76,240,23%
胡双美,夫妇,2,女士,58,,,,歌尔股份,山东潍坊,声学及多媒体产品,198,76,240,23%
许家彰,家族,1,先生,未知,,,,奇美,台湾台南,化工,198,7,240,-4%
姚良松,未知,1,先生,60,中国-广东-梅州,本科,北航,欧派家居,广东广州,橱柜,198,-106,240,-47%
朱共山,家族,1,先生,66,中国-江苏-盐城,博士,南京工程、加拿大乔治布朗、菲律宾比利勤,协鑫,香港,太阳能芯片、发电厂,198,55,240,14%
曹其峰,未知,1,先生,78,中国-香港,,,永新,香港,杂货,203,24,235,2%
张茵,家族,1,女士,67,中国-广东-韶关,本科,,玖龙纸业,广东东莞,环保造纸,203,-19,235,-15%
郑崇华,家族,1,先生,88,中国-福建-南平,,,台达电子,台湾台北,半导体,203,50,235,12%
陈大年,未知,1,先生,46,中国-浙江-绍兴,,,掌门科技,上海浦东,上网平台,206,8,230,-4%
廖龙星,未知,1,先生,未知,中国-台湾,,,长春,台湾台北,化工,206,21,230,0%
林书鸿,未知,1,先生,96,中国-台湾,,,长春,台湾台北,化工,206,21,230,0%
王麒诚,夫妇,2,先生,44,中国-浙江-杭州,本科,浙大,汉鼎宇佑,浙江杭州,文化传媒、投资,206,26,230,2%
吴艳,夫妇,2,女士,43,,本科,浙大,汉鼎宇佑,浙江杭州,文化传媒、投资,206,26,230,2%
徐波,未知,1,先生,47,,,,多益网络,广东广州,网络游戏,206,-18,230,-15%
许荣茂,家族,1,先生,74,中国-福建-泉州,,美国国立波士顿大学,世茂,上海黄浦,投资、房地产,206,-1,230,-8%
郑正,未知,1,先生,未知,中国-台湾,,,长春,台湾台北,化工,206,21,230,0%
董经贵,夫妇,2,先生,54,,,,雅迪,江苏无锡,电动车,213,-42,225,-22%
钱静红,夫妇,2,先生,51,,,,雅迪,江苏无锡,电动车,213,-42,225,-22%
刘炽平,未知,1,先生,51,中国-北京,硕士,斯坦福大学\西北大学凯洛格管理学院,腾讯,广东深圳,互联网服务,213,48,225,10%
茅理翔,家族,1,先生,83,中国-浙江-宁波,,,方太厨具,浙江宁波,厨具,213,-11,225,-12%
孙纪木,夫妇,2,先生,68,中国-浙江-绍兴,硕士,绍兴农业、澳大利亚昆士兰大学,新华联合冶金,河北沧州,钢铁,213,1,225,-6%
孙春莉,夫妇,2,女士,未知,中国-浙江-绍兴,,,新华联合冶金,河北沧州,钢铁,213,1,225,-6%
吴光明,父子,2,先生,62,中国-江苏-镇江,硕士,,鱼跃医疗,江苏镇江,医疗设备,213,1,225,-6%
吴群,父子,2,先生,36,,,,鱼跃医疗,江苏镇江,医疗设备,213,1,225,-6%
尹衍梁,家族,1,先生,74,中国-台湾-台北,,,润泰,台湾台北,建筑开发、金融保险,213,40,225,7%
张红超,未知,1,先生,46,中国-河南-商丘,,,蜜雪冰城,河南郑州,餐饮,213,-34,225,-20%
张红甫,未知,1,先生,39,中国-河南-商丘,,,蜜雪冰城,河南郑州,餐饮,213,-34,225,-20%
赵燕,家族,1,女士,57,中国-云南-昆明,本科,华东师大,华熙国际,北京,生物医药、房地产,213,-76,225,-36%
郑坚江,未知,1,先生,63,中国-浙江-宁波,,,奥克斯,浙江宁波,家电、房地产,213,214,225,67%
朱林瑶,未知,1,女士,54,中国-四川,,,华宝国际,广东深圳,香精香料、烟草,213,10,225,-4%
蔡镇宇,未知,1,先生,71,中国-台湾-台北,,,宝丰隆,台湾台北,金融服务,224,19,220,2%
崔根良,父子,2,先生,66,中国-江苏-苏州,,,亨通,江苏苏州,电缆、热能电力、投资,224,-57,220,-27%
崔巍,父子,2,先生,39,,,,亨通,江苏苏州,电缆、热能电力、投资,224,-57,220,-27%
郭建军,未知,1,先生,未知,,,,汇能,内蒙古鄂尔多斯,煤炭、路桥、房地产,224,89,220,26%
罗才仁,家族,1,先生,71,中国-台湾-彰化,,,正新橡胶,台湾彰化,橡胶,224,66,220,19%
郭梅兰,母子,2,女士,未知,,,,东阳光,广东深圳,医药、电子新材料,228,52,215,13%
张寓帅,母子,2,先生,37,中国-广东-深圳,,,东阳光,广东深圳,医药、电子新材料,228,52,215,13%
薛敏,未知,1,先生,未知,,,,联影医疗,上海嘉定,医疗设备,228,4,215,-4%
赵藤雄,家族,1,先生,80,中国-台湾,,,远雄,台湾台北,房地产,228,97,215,26%
陈永泰,未知,1,先生,88,中国-台湾-台北,,,震旦,台湾台北,办公家具、房地产,231,22,210,0%
仇建平,夫妇,2,先生,62,中国-浙江-杭州,硕士,西交大,巨星科技,浙江杭州,工具制造,231,82,210,20%
王玲玲,夫妇,2,女士,63,,,,巨星科技,浙江杭州,工具制造,231,82,210,20%
马维建,家族,1,先生,未知,,,,元大,台湾台北,金融服务,231,71,210,17%
郭恩元,家族,1,先生,76,中国-河北-邯郸,,,普阳钢铁,河北邯郸,钢铁、煤化工,234,40,205,5%
冷友斌,未知,1,先生,55,中国-黑龙江-黑河,,,中国飞鹤,北京,乳业,234,9,205,-5%
宿华,未知,1,先生,42,中国-湖南,硕士,清华、清华、清华退学,快手科技,北京,传媒娱乐,234,-37,205,-23%
叶刚,未知,1,先生,43,,,,冬海集团,新加坡,网络游戏、电商,234,302,205,86%
张道才,家族,1,先生,74,中国-浙江-绍兴,,,三花控股,浙江绍兴,工业设备、汽车零部件、房地产,234,-86,205,-38%
黄柏年,未知,1,先生,68,印尼,,,外滩中心,上海,房地产,239,29,200,0%
倪祖根,家族,1,先生,67,中国-江苏-苏州,本科,,莱克电气,江苏苏州,小家电,239,-7,200,-11%
潘政民,家族,1,先生,57,中国-江苏,本科,武进师范,瑞声科技,广东深圳,消费电子精密件,239,253,200,67%
彭国远,未知,1,先生,38,中国-广东-汕尾,硕士,剑桥,心里程,广东深圳,教育、房地产,239,4,200,-7%
许家印,未知,1,先生,66,中国-河南-周口,硕士,武汉科技、West Alabama,恒大,广东广州,投资、房地产,239,29,200,0%
杨致远,未知,1,先生,56,中国-台湾-台北,,,雅虎,美国,投资,239,74,200,14%
张峻,夫妇,2,先生,未知,中国-广东-揭阳,,,富德,广东深圳,保险,239,-2,200,-9%
陶美萦,夫妇,2,女士,未知,,,,富德,广东深圳,保险,239,-2,200,-9%
张兴海,夫妇,2,先生,61,中国-重庆,硕士,,小康控股,重庆,汽车、汽车零配件,239,297,200,82%
颜敏,夫妇,2,女士,未知,,,,小康控股,重庆,汽车、汽车零配件,239,297,200,82%
胡柏藩,未知,1,先生,62,中国-浙江-绍兴,硕士,浙大,新和成,浙江绍兴,医药,247,95,195,18%
黄光苗,未知,1,先生,55,中国-广东-汕头,,,中洲,广东深圳,房地产,247,21,195,-3%
林敏雄,未知,1,女士,74,,,,元利,台湾台北,房地产,247,33,195,3%
阮洪良,家族,1,先生,63,中国-浙江,,,福莱特,浙江嘉兴,光伏材料,247,-117,195,-45%
王伟修,父子,2,先生,74,中国-山东,,,中际旭创,山东烟台,通信设备,247,130,195,30%
王晓东,父子,2,先生,48,,,,中际旭创,山东烟台,通信设备,247,130,195,30%
薛华,未知,1,先生,54,,本科,华中农业,海大,广东广州,饲料,247,-10,195,-11%
张剑,父女,2,先生,55,中国-河南-商丘,,,爱玛,天津,电动自行车,247,43,195,5%
张格格,父女,2,女士,31,,,,爱玛,天津,电动自行车,247,43,195,5%
周超男,家族,1,先生,64,中国-湖南-衡阳,,,润泽科技,河北廊坊,软件与信息技术服务,247,14,195,-5%
曹龙祥,父子,2,先生,67,,,,济川控股,江苏泰州,医药,255,58,190,9%
曹飞,父子,2,先生,未知,,,,济川控股,江苏泰州,医药,255,58,190,9%
陈泰铭,家族,1,先生,68,中国-台湾-台南,,,国巨,台湾台北,电子制造、收藏,255,47,190,6%
范现国,父子,2,先生,64,中国-河北-邢台,,,今麦郎,河北邢台,食品与饮料,255,-12,190,-12%
范明强,父子,2,先生,未知,,,,今麦郎,河北邢台,食品与饮料,255,-12,190,-12%
李赶坡,未知,1,先生,75,中国-河北,,,敬业,河北石家庄,钢铁,255,25,190,0%
李义海,父子,2,先生,61,中国-江西-南昌,本科,江西师范,济民可信,江西南昌,医药,255,-109,190,-43%
李鑫,父子,2,先生,未知,,,,济民可信,江西南昌,医药,255,-109,190,-43%
廖汤慧霭,未知,1,女士,76,中国-香港,,,纪惠,香港,房地产,255,47,190,6%
王正华,家族,1,先生,80,中国-上海,硕士,王煜（美国南伊利诺伊大学）,春秋航空,上海长宁,航空,255,-12,190,-12%
吴以岭,家族,1,先生,75,中国-河北-衡水,硕士,南京中医,以岭,河北石家庄,医药,255,-53,190,-25%
项光通,未知,1,先生,未知,中国-浙江-温州,,,青山控股,浙江温州,钢铁,255,330,190,90%
周晓萍,家族,1,女士,63,中国-江苏-常州,,,星宇股份,江苏常州,汽车灯具,255,-32,190,-19%
曾小山,家族,1,先生,79,中国-湖南-邵东,,,曾氏企业,湖南长沙,铝业,265,25,185,0%
陈志平,未知,1,先生,48,,,,思摩尔,广东深圳,电子烟,265,77,185,12%
傅利泉,夫妇,2,先生,57,中国-浙江-杭州,,浙江电子工业学校,大华技术,浙江杭州,软件、电子通讯产品,265,-91,185,-35%
陈爱玲,夫妇,2,女士,57,,本科,,大华技术,浙江杭州,软件、电子通讯产品,265,-91,185,-35%
黄敏利,夫妇,2,先生,59,中国-福建-泉州,本科,,敏华,香港,休闲沙发,265,-4,185,-10%
许慧卿,夫妇,2,女士,60,,,,敏华,香港,休闲沙发,265,-4,185,-10%
黄文仔,未知,1,先生,71,中国-广东-广州,硕士,,星河湾,广东广州,房地产、投资,265,-28,185,-16%
简军,未知,1,女士,61,中国-北京,,,爱美客,北京,生物制药,265,-142,185,-51%
梁光伟,未知,1,先生,61,中国-浙江-台州,硕士,深圳,华强,广东深圳,投资,265,162,185,37%
谢伟通,未知,1,先生,67,中国-台湾,,,华友钴业,浙江嘉兴,有色金属,265,25,185,0%
许邦福,家族,1,未知,未知,中国-浙江-宁波,硕士,日本京都大学,华城电机,台湾桃园,电子元件,265,New,185,NEW
张双旺,父子,2,先生,81,中国-内蒙古-鄂尔多斯,本科,内蒙古轻工,伊泰,内蒙古鄂尔多斯,煤炭,265,60,185,9%
张东海,父子,2,先生,54,,硕士,,伊泰,内蒙古鄂尔多斯,煤炭,265,60,185,9%
张文中,未知,1,先生,62,中国-山东,博士,南开、南开、斯坦福,物美,北京,零售,265,-4,185,-10%
季琦,未知,1,先生,58,中国-江苏-南通,,上海交通大学,华住,上海闵行,连锁酒店,276,-49,180,-22%
靳保芳,家族,1,先生,72,中国-河北-邢台,,,晶澳科技,河北邢台,光伏,276,-179,180,-60%
李洪信,家族,1,先生,71,中国-福建,本科,,太阳纸业,山东济宁,造纸,276,49,180,6%
毛文超,未知,1,未知,未知,中国-四川-绵阳,本科,上海交通大学,小红书,上海,生活服务平台、电商,276,New,180,NEW
王俊民,夫妇,2,先生,56,中国-辽宁,硕士,沈阳医科、长江商学院,海思科,西藏山南,医药,276,151,180,33%
申萍,夫妇,2,女士,53,,,,海思科,西藏山南,医药,276,151,180,33%
王树华,家族,1,先生,未知,,,,冀南钢铁,河北邯郸,钢铁,276,-8,180,-10%
翁先定,未知,1,先生,63,,,,新产业,广东深圳,医疗器械,276,66,180,9%
阎志,未知,1,先生,52,中国-湖北-黄冈,硕士,武大,卓尔,湖北武汉,房地产、投资,276,4,180,-5%
杨卫东,夫妇,2,先生,56,中国-浙江,,,卫星石化,浙江嘉兴,化工,276,49,180,6%
杨亚珍,夫妇,2,女士,56,,,,卫星石化,浙江嘉兴,化工,276,49,180,6%
张力,父子,2,先生,71,中国-广东-广州,博士,美国波士顿,富力地产,广东广州,投资、房地产,276,151,180,33%
张量,父子,2,先生,42,,,,富力地产,广东广州,投资、房地产,276,151,180,33%
张松桥,未知,1,先生,60,中国-重庆,硕士,党校,中渝,香港,投资、房地产,276,-15,180,-12%
周泽荣,未知,1,先生,70,中国-广东-汕头,,,侨鑫,广东广州,房地产、投资,276,-39,180,-18%
蒋卫平,家族,1,先生,69,中国-四川-成都,本科,西华大学,天齐锂业,四川遂宁,锂矿,288,-138,175,-46%
潘石屹,夫妇,2,先生,61,中国-甘肃-天水,,中国石油管道学院,SOHO中国,北京,投资、房地产,288,2,175,-5%
张欣,夫妇,2,女士,59,中国-北京,硕士,萨塞克斯、剑桥,SOHO中国,北京,投资、房地产,288,2,175,-5%
唐彬森,未知,1,先生,42,中国-安徽-合肥,,,元气森林,北京,饮料,288,-83,175,-30%
阳萌,夫妇,2,先生,42,,,,安克,湖南长沙,电子商务,288,37,175,3%
贺丽,夫妇,2,先生,40,,,,安克,湖南长沙,电子商务,288,37,175,3%
张静章,家族,1,先生,87,中国-浙江-宁波,,,海天国际,浙江宁波,注塑机,288,14,175,-3%
安康,家族,1,先生,75,中国-河南-新乡,本科,河南师范,华兰生物,河南新乡,生物制药,293,-61,170,-24%
黄立,父子,2,先生,61,中国-陕西-西安,硕士,华中科技,高德电气,湖北武汉,电子制造,293,-50,170,-21%
黄晟,父子,2,先生,35,中国-陕西-西安,,,高德电气,湖北武汉,电子制造,293,-50,170,-21%
黄茂如,夫妇,2,先生,59,中国-广东-潮州,硕士,,茂业,广东深圳,投资、房地产,293,32,170,0%
张静,夫妇,2,女士,未知,,,,茂业,广东深圳,投资、房地产,293,32,170,0%
蒋业华,未知,1,先生,61,中国-重庆,,,华宇,重庆,房地产,293,20,170,-3%
林耀英,家族,1,先生,91,,,,大立光,台湾台北,电子元件,293,178,170,36%
戚振波,未知,1,先生,未知,,,,美腕,上海,新零售,293,32,170,0%
钱东奇,父子,2,先生,66,中国-江苏-南京,硕士,南大、南大,科沃斯,江苏苏州,机器人,293,-50,170,-21%
钱程,父子,2,先生,未知,,,,科沃斯,江苏苏州,机器人,293,-50,170,-21%
肖永明,家族,1,先生,60,中国-四川-资阳,,,藏格矿业,青海格尔木,矿产,293,113,170,21%
邢李㷧,未知,1,先生,75,中国-香港,,,思捷环球,香港,投资,293,32,170,0%
张帆,未知,1,先生,59,中国-四川-成都,本科,电子科技,汇顶科技,广东深圳,半导体芯片,293,65,170,6%
张宏伟,未知,1,先生,70,中国-黑龙江-哈尔滨,硕士,哈工大,东方,北京,能源、零售,293,-153,170,-51%
周胜馥,未知,1,先生,47,,,,拉拉科技,广东深圳,货运物流,293,New,170,NEW
邹支农,家族,1,先生,56,,,,天孚通信,江苏苏州,通信设备,293,162,170,31%
蔡东晨,未知,1,先生,71,中国-河北-石家庄,硕士,南开,石药,河北石家庄,医药,306,-16,165,-11%
陈凯臣,家族,1,先生,未知,中国-广东-揭阳,,,立白,广东广州,日化用品,306,-4,165,-8%
邓伟明,夫妇,2,先生,56,中国-湖南-长沙,,,中伟股份,湖南长沙,工业产品,306,-63,165,-23%
吴小歌,夫妇,2,女士,52,,,,中伟股份,湖南长沙,工业产品,306,-63,165,-23%
利约翰,未知,1,先生,70,,,,中电,香港,能源,306,100,165,18%
邵钦祥,家族,1,先生,70,中国-浙江-金华,,,花园,浙江金华,工业制造、房地产,306,36,165,0%
王华君,夫妇,2,先生,54,中国-江西-九江,硕士,,裕同包装,广东深圳,包装,306,36,165,0%
吴兰兰,夫妇,2,女士,50,中国-江西-南昌,,,裕同包装,广东深圳,包装,306,36,165,0%
王文京,未知,1,先生,60,中国-江西-上饶,本科,江西财经,用友,北京,软件与信息服务,306,-135,165,-43%
王希成,家族,1,先生,76,中国-山东,,,玲珑轮胎,山东烟台,轮胎,306,-38,165,-18%
吴少勋,未知,1,先生,68,中国-湖北-黄石,本科,黄石市党校,劲牌,湖北黄石,保健酒,306,-38,165,-18%
徐乘,家族,1,先生,72,中国-台湾-台北,,,徐福记,广东东莞,食品,306,36,165,0%
虞锋,家族,1,先生,61,中国-上海,本科,复旦,云锋基金,上海徐汇,投资,306,19,165,-3%
张万镇,未知,1,先生,75,中国-广东-潮州,,,三环,广东潮州,通信部件、电子元器件,306,36,165,0%
陈爱莲,夫妇,2,先生,66,中国-浙江-绍兴,,北京师范大学,万丰,浙江绍兴,智能制造、投资,318,153,160,28%
吴良定,夫妇,2,女士,78,,,,万丰,浙江绍兴,智能制造、投资,318,153,160,28%
陈明永,未知,1,先生,55,中国-四川-达州,本科,浙大,OPPO,广东东莞,消费电子产品,318,70,160,10%
陈谭庆芬,家族,1,先生,未知,,,,恒隆,香港,房地产,318,40,160,0%
冯海良,未知,1,先生,64,中国-浙江,,,海亮,浙江绍兴,铜加工、投资,318,-38,160,-16%
葛卫东,未知,1,先生,55,,本科,川大,混沌投资,上海浦东,投资,318,24,160,-3%
梁绍鸿,未知,1,先生,72,中国-香港,,,大鸿辉,香港,房地产,318,40,160,0%
穆荣均,未知,1,先生,44,,硕士,清华、清华,美团,北京,生活服务,318,7,160,-6%
彭蕾,未知,1,先生,53,,,,阿里系,浙江杭州,电子商务、金融科技,318,24,160,-3%
伍步高,家族,1,先生,80,中国-香港,,,永隆,香港,银行业,318,40,160,0%
程一笑,未知,1,先生,39,,,,快手科技,北京,传媒娱乐,327,-74,155,-26%
李丐腾,家族,1,先生,52,中国-浙江-温州,硕士,,飞科电器,上海松江,小家电,327,-153,155,-46%
林明成,家族,1,先生,81,中国-台湾,,,华南金控,台湾台北,金融服务,327,50,155,3%
罗家宝,未知,1,先生,75,,,,百乐,香港,房地产,327,43,155,0%
吴冠江,夫妇,2,先生,56,中国-四川-乐山,,,智飞生物,重庆,疫苗,327,-25,155,-14%
刘铁鹰,夫妇,2,先生,未知,,,,智飞生物,重庆,疫苗,327,-25,155,-14%
谢良志,夫妇,2,先生,58,,,,神州,北京,生物制药,327,-113,155,-35%
李翰园,夫妇,2,先生,未知,,,,神州,北京,生物制药,327,-113,155,-35%
张荣华,家族,1,女士,55,中国-天津,硕士,,荣程,天津,钢铁,327,61,155,7%
周鸿祎,未知,1,先生,54,中国-湖北-黄冈,硕士,西交大、西交大,三六零安全科技,北京,网络信息服务,327,-84,155,-28%
蔡东青,家族,1,先生,55,中国-广东-汕头,硕士,,奥飞娱乐,广东汕头,动漫,335,7,150,-9%
黄绍武,未知,1,先生,54,中国-江西-九江,,,神州通,广东深圳,投资,335,92,150,11%
李留法,夫妇,2,先生,65,中国-河南-平顶山,,北京大学光华管理学院,天瑞,河南平顶山,水泥、铝业,335,-147,150,-44%
李凤娈,夫妇,2,女士,未知,,,,天瑞,河南平顶山,水泥、铝业,335,-147,150,-44%
倪永培,未知,1,先生,72,中国-安徽-六安,,,迎驾,安徽六安,白酒,335,-98,150,-32%
任元林,父子,2,先生,71,中国-江苏-无锡,,,扬子江船业,江苏无锡,造船,335,250,150,50%
任乐天,父子,2,先生,未知,,,,扬子江船业,江苏无锡,造船,335,250,150,50%
王水福,夫妇,2,先生,69,中国-浙江-杭州,,,西子联合控股,浙江杭州,电梯、锅炉、房地产,335,23,150,-6%
陈桂花,夫妇,2,女士,未知,中国-浙江-杭州,,,西子联合控股,浙江杭州,电梯、锅炉、房地产,335,23,150,-6%
魏应州,未知,1,先生,70,中国-台湾,,,顶新,天津,食品和饮料,335,42,150,0%
许昆泰,家族,1,先生,68,中国-台湾,,,蓝天,台湾台北,消费电子产品,335,186,150,30%
张雷,未知,1,先生,48,中国-江苏-无锡,,,远景能源,江苏无锡,风电,335,23,150,-6%
赵丰刚,未知,1,先生,58,,硕士,中国科技大学,宁德时代,福建宁德,锂电池,335,-55,150,-21%
池宇峰,未知,1,先生,53,中国-湖北,硕士,清华,完美世界,北京,网游、影视娱乐,345,-32,145,-17%
高纪凡,家族,1,先生,59,,,,天合光能,江苏常州,光伏产品,345,-148,145,-45%
李锂,夫妇,2,先生,60,中国-四川-眉山,本科,川大,海普瑞,广东深圳,医药,345,13,145,-9%
李坦,夫妇,2,女士,60,中国-安徽-阜阳,,,海普瑞,广东深圳,医药,345,13,145,-9%
李如成,父女,2,先生,73,中国-浙江-绍兴,,,雅戈尔,浙江宁波,服装、房地产、投资,345,82,145,7%
李寒穷,父女,2,先生,47,中国-浙江-绍兴,,,雅戈尔,浙江宁波,服装、房地产、投资,345,82,145,7%
林刚,未知,1,先生,60,中国-广东,硕士,广东医学院,康哲药业,广东深圳,医药,345,-55,145,-22%
聂腾云,夫妇,2,先生,48,,,浙江商业职业技术学院,韵达,上海青浦,物流,345,-71,145,-26%
陈立英,夫妇,2,女士,49,,,,韵达,上海青浦,物流,345,-71,145,-26%
戚金兴,父子,2,先生,62,中国-浙江,硕士,,滨江,浙江杭州,房地产,345,-32,145,-17%
戚加奇,父子,2,先生,36,,,,滨江,浙江杭州,房地产,345,-32,145,-17%
沈炜,未知,1,先生,未知,,,,VIVO,广东东莞,消费电子产品,345,43,145,0%
侯军呈,未知,1,先生,60,中国-浙江-温州,,,珀莱雅,浙江杭州,化妆品,353,5,140,-13%
南存辉,未知,1,先生,61,中国-山东-济宁,,北京工商大学,正泰,浙江温州,工业电器、投资,353,-51,140,-22%
潘来灿,未知,1,先生,未知,,,,海天味业,广东佛山,调味品,353,35,140,-3%
汪建,未知,1,先生,70,中国-湖南,,,华大基因、碳云,广东深圳,基因检测、医疗大数据,353,-130,140,-40%
王燕清,家族,1,先生,58,中国-江苏-无锡,,常州无线电工业学校,先导智能,江苏无锡,自动化设备,353,-169,140,-49%
王一鸣,家族,1,先生,43,,,,锦浪科技,浙江宁波,光伏逆变器,353,-11,140,-15%
王长田,夫妇,2,先生,59,中国-辽宁-大连,本科,复旦,光线传媒,北京,影视娱乐,353,-63,140,-24%
杜英莲,夫妇,2,女士,未知,,,,光线传媒,北京,影视娱乐,353,-63,140,-24%
魏应充,未知,1,先生,67,中国-台湾,,,顶新,天津,食品和饮料,353,53,140,0%
魏应交,未知,1,先生,69,中国-台湾,,,顶新,天津,食品和饮料,353,53,140,0%
魏应行,未知,1,先生,65,中国-台湾,,,顶新,天津,食品和饮料,353,53,140,0%
吴凯,未知,1,先生,56,,博士,上海交大,宁德时代,福建宁德,锂电池,353,-40,140,-20%
吴礼淦,家族,1,先生,83,中国-台湾,,,沪电股份,上海,印制电路板,353,316,140,56%
叶立培,家族,1,先生,80,中国-上海,硕士,,仲盛,上海闵行,投资、房地产,353,17,140,-10%
易大盛,未知,1,先生,63,,,,富兴,湖南长沙,汽车服务，产业园区,353,74,140,4%
俞敏洪,未知,1,先生,62,中国-江苏-无锡,本科,北大,新东方,北京,教育,353,74,140,4%
周永利,家族,1,先生,68,中国-浙江-绍兴,,,永利,浙江绍兴,轻纺、房地产、投资,353,24,140,-7%
竺兆江,未知,1,先生,51,,,,传音,广东深圳,消费电子产品,353,-11,140,-15%
卓志哲,未知,1,先生,未知,中国-台湾-鹿港,,,联发科技,台湾新竹,半导体,353,282,140,47%
邓鸿,未知,1,先生,61,中国-四川,本科,北京工业,成都环球世纪,四川成都,投资、房地产,371,6,135,-10%
董凡,未知,1,先生,54,,硕士,上财、中山,健帆生物,广东珠海,生物医疗设备,371,121,135,13%
方文雄,家族,1,先生,未知,中国-广东-东莞,,,协成行,香港,房地产,371,56,135,0%
何猷龙,家族,1,先生,48,中国-香港,,,新濠国际,香港,博彩,371,-1,135,-13%
焦佑伦,家族,1,先生,66,,,,华新丽华,台湾台北,半导体,371,100,135,8%
林秀成,父子,2,先生,69,中国-福建-泉州,,,三安,福建厦门,LED,371,-29,135,-18%
林志强,父子,2,先生,50,,,,三安,福建厦门,LED,371,-29,135,-18%
刘卫平,未知,1,先生,45,中国-湖南-平江,,,卫龙,河南漯河,食品,371,56,135,0%
刘志强,夫妇,2,先生,60,中国-广东,硕士,中山大学,香江,广东深圳,房地产、金融,371,6,135,-10%
翟美卿,夫妇,2,女士,60,中国-广东-广州,,,香江,广东深圳,房地产、金融,371,6,135,-10%
沈锡强,家族,1,先生,76,中国-江苏-无锡,,,雅克科技,江苏无锡,化工新材料,371,-13,135,-16%
汪建国,父子,2,先生,64,中国-江苏-苏州,,,五星投资,江苏南京,电子商务、儿童用品连锁,371,-29,135,-18%
汪浩,父子,2,先生,未知,,,,五星投资,江苏南京,电子商务、儿童用品连锁,371,-29,135,-18%
王世忠,家族,1,先生,未知,中国-台湾,,,亚德客,台湾台北,工业机械,371,17,135,-7%
伍伟国,家族,1,先生,54,中国-香港,,,美心,香港,餐饮,371,121,135,13%
肖安江,未知,1,先生,61,中国-湖南-娄底,,,五江轻化,湖南长沙,钛合金、保温容器,371,100,135,8%
肖自江,未知,1,先生,74,中国-湖南-娄底,,,五江轻化,湖南长沙,钛合金、保温容器,371,100,135,8%
许树根,未知,1,先生,59,中国-浙江,本科,,鼎力,浙江湖州,机械制造,371,17,135,-7%
袁富根,家族,1,先生,74,中国-江苏-苏州,,,东山精密,江苏苏州,精密铸件,371,150,135,17%
袁志伦,未知,1,先生,60,中国-重庆,本科,川大,博赛矿业,重庆,矿业,371,100,135,8%
陈世卿,夫妇,2,先生,75,中国-台湾-台北,,,大立光,台湾台北,电子元件,388,316,130,51%
蒋翠英,夫妇,2,女士,未知,,,,大立光,台湾台北,电子元件,388,316,130,51%
陈一丹,未知,1,先生,53,中国-广东-深圳,硕士,深圳、南大,腾讯,广东深圳,互联网服务,388,83,130,4%
崔立新,未知,1,先生,未知,,,,创新集团,山东滨州,有色金属,388,-30,130,-19%
崔鹏,夫妇,2,先生,47,,,,菲鹏生物,广东深圳,生物科技,388,-46,130,-21%
曹菲,夫妇,2,女士,49,,,,菲鹏生物,广东深圳,生物科技,388,-46,130,-21%
黄达文,未知,1,先生,64,中国-香港,,,合盛,浙江宁波,硅材料,388,39,130,-4%
兰春,夫妇,2,先生,58,,,,新英才,北京,教育、生物医药、房地产、投资,388,241,130,31%
杨英,夫妇,2,先生,61,,,,新英才,北京,教育、生物医药、房地产、投资,388,241,130,31%
李良彬,未知,1,先生,57,中国-江西-宜春,,,赣锋锂业,江西新余,有色金属冶炼加工,388,-127,130,-37%
李卫国,未知,1,先生,59,中国-湖南-常德,本科,湖南农,东方雨虹,北京,防水材料,388,-174,130,-46%
李仙德,未知,1,先生,49,,,,晶科能源,江西上饶,太阳能,388,-18,130,-16%
李湘平,未知,1,先生,未知,,,,东明石化,山东菏泽,石油化工,388,104,130,8%
梁允超,家族,1,先生,55,中国-湖北-武汉,,中南财经大学,汤臣倍健,广东珠海,保健品,388,-98,130,-30%
刘革新,未知,1,先生,73,中国-湖北,,,科伦药业,四川成都,制药、医药流通,388,133,130,13%
尚吉永,未知,1,先生,56,中国-山东,,北京理工大学,万达控股,山东东营,轮胎、电缆、化工,388,83,130,4%
苏素玉,家族,1,先生,76,中国-广东-汕头,,,联美,广东汕头,房地产、投资,388,0,130,-10%
王均金,未知,1,先生,56,,硕士,,均瑶,上海徐汇,房地产、航空、零售,388,-46,130,-21%
王秋雄,家族,1,先生,81,中国-台湾,,,丰泰,台湾斗六,服装,388,67,130,0%
吴绪顺,家族,1,先生,76,中国-安徽-芜湖,,,三七互娱,广东广州,网络游戏,388,39,130,-4%
谢秉昆,家族,1,先生,58,,,,坤彩科技,福建福州,珠光材料,388,0,130,-10%
许冉,家族,1,未知,未知,,硕士,,龙佰,河南焦作,钛白粉,388,18,130,-7%
张国炜,家族,1,先生,未知,,,,星宇航空,台湾台北,航空,388,New,130,NEW
周敬良,未知,1,先生,74,中国-海南-海口,,,景田,广东深圳,饮料,388,104,130,8%
朱兴明,父女,2,先生,57,中国-湖南,硕士,,汇川技术,广东深圳,工业自动化产品,388,-114,130,-33%
朱瀚玥,父女,2,女士,未知,中国-湖南-岳阳,,,汇川技术,广东深圳,工业自动化产品,388,-114,130,-33%
蔡华波,未知,1,先生,48,,,,江波龙,广东深圳,半导体,410,17,125,-7%
丁立国,家族,1,先生,54,中国-河北-任丘,,,德龙,上海,钢铁、天然气,410,17,125,-7%
丁雅丽,未知,1,先生,未知,中国-福建-泉州,,,安踏,福建厦门,体育用品,410,-4,125,-11%
董伟,未知,1,先生,53,,,中国药科大学,恒瑞,江苏连云港,医药,410,82,125,4%
洪锋,未知,1,先生,未知,,硕士,上海交大、美国普渡大学,小米,北京,智能硬件与技术,410,341,125,54%
雷菊芳,母子,2,女士,71,中国-甘肃-定西,本科,西交大,奇正藏药,西藏林芝,医药,410,-4,125,-11%
程若琼,母子,2,女士,未知,中国-江苏-苏州,,,奇正藏药,西藏林芝,医药,410,-4,125,-11%
李非列,家族,1,先生,58,中国-北京,硕士,北京经济,飞尚,广东深圳,有色金属、钢铁、物流,410,-4,125,-11%
李妙行,未知,1,先生,未知,,,,老干妈,贵州贵阳,食品,410,82,125,4%
李伟,未知,1,先生,56,中国-河南,本科,郑大,千味央厨,河南郑州,食品、房地产,410,-22,125,-14%
梁亮胜,未知,1,先生,73,中国-广东-梅州,本科,香港工商管理学院,丝宝,香港,日化、投资,410,82,125,4%
林聪吉,家族,1,未知,未知,,,,川湖科技,台湾高雄,五金配件,410,New,125,NEW
吕慧,母女,2,先生,75,,硕士,,嘉鑫,香港,钢铁、铁矿石进出口、房地产,410,45,125,-4%
陈宁宁,母女,2,女士,53,中国-香港,,,嘉鑫,香港,钢铁、铁矿石进出口、房地产,410,45,125,-4%
邱光和,家族,1,先生,73,中国-浙江-温州,,,森马,浙江温州,服装,410,-40,125,-19%
任正非,未知,1,先生,80,中国-贵州-安顺,本科,重庆,华为,广东深圳,消费电子、电讯,410,111,125,9%
唐金奎,夫妇,2,先生,69,中国-江苏-苏州,,,盛虹,江苏苏州,印染、化纤、房地产,410,-108,125,-31%
朱玉琴,夫妇,2,女士,未知,,,,盛虹,江苏苏州,印染、化纤、房地产,410,-108,125,-31%
徐新,未知,1,先生,58,,本科,南大,今日资本,上海浦东,投资,410,82,125,4%
许景南,家族,1,先生,69,中国-福建-泉州,,,匹克,福建泉州,体育用品,410,-4,125,-11%
闫希军,家族,1,先生,71,中国-甘肃-庆阳,博士,南京农业,天士力,天津,医药,410,82,125,4%
严陈莉莲,家族,1,女士,59,中国-台湾,,,裕隆,台湾新北,汽车销售,410,-52,125,-22%
俞发祥,未知,1,先生,53,中国-浙江-绍兴,,,祥源控股,浙江绍兴,基础设施建设、房地产,410,-4,125,-11%
袁志敏,夫妇,2,先生,63,中国-四川,硕士,北京理工,金发科技,广东广州,化工塑料,410,17,125,-7%
熊海涛,夫妇,2,女士,60,,,,金发科技,广东广州,化工塑料,410,17,125,-7%
张洪本,未知,1,先生,78,中国-台湾,,,日月光,台湾高雄,工业品、房地产,410,225,125,32%
赵立新,家族,1,先生,58,,,,格科微,上海,CMOS图像传感器,410,-85,125,-26%
龚俊龙,家族,1,先生,65,中国-广东-汕尾,,,恒裕,广东深圳,房地产、投资,433,-6,120,-11%
黄江吉,未知,1,先生,未知,,,,小米,北京,智能硬件与技术,433,371,120,52%
黄毅,未知,1,先生,61,,本科,厦大,中升控股,辽宁大连,汽车销售,433,-180,120,-43%
金惠明,家族,1,先生,71,中国-上海,,,大华,上海宝山,房地产,433,59,120,0%
赖建法,未知,1,先生,55,,,,中通,上海青浦,快递,433,22,120,-8%
黎万强,未知,1,先生,47,中国-广东,本科,西安工程大学,小米,北京,智能硬件与技术,433,371,120,52%
李贵山,未知,1,先生,未知,,,,老干妈,贵州贵阳,食品,433,88,120,4%
刘锋,夫妇,2,先生,54,中国-山东,本科,,永锋,山东济南,钢铁,433,38,120,-4%
林旭燕,夫妇,2,女士,未知,,,,永锋,山东济南,钢铁,433,38,120,-4%
陆地,未知,1,先生,未知,,,,大疆,广东深圳,无人机,433,-108,120,-29%
孟庆山,家族,1,先生,76,中国-河北,,,梅花,河北廊坊,食用调味品,433,103,120,9%
瞿芳,未知,1,未知,未知,,本科,北京外国语大学,小红书,上海,生活服务平台、电商,433,New,120,NEW
王瀚,未知,1,先生,37,,本科,英国伦敦大学,均瑶,上海徐汇,房地产、航空、零售,433,-56,120,-20%
王林祥,未知,1,先生,73,中国-内蒙古-包头,,,鄂尔多斯,内蒙古鄂尔多斯,羊绒、煤电、冶金、房地产,433,38,120,-4%
温鹏程,家族,1,先生,62,中国-广东-云浮,,,温氏食品,广东云浮,家禽养殖畜牧,433,88,120,4%
徐金富,未知,1,先生,60,中国-广东-广州,本科,浙大,天赐材料,广东广州,化学原料制品,433,-221,120,-51%
徐宇,未知,1,先生,52,中国-广东-广州,硕士,长江,赫基国际,广东广州,服装,433,-56,120,-20%
徐振华,未知,1,先生,45,中国-上海,,,沐瞳科技,上海,游戏,433,59,120,0%
杨雪岗,家族,1,先生,59,中国-河北-邢台,硕士,河北水利电力学院、河北工业大学,旭阳,北京,煤炭、化工,433,-27,120,-14%
叶国一,家族,1,先生,83,中国-台湾,,,英业达,台湾台北,电脑产品,433,-6,120,-11%
周耀庭,家族,1,先生,81,中国-江苏-无锡,,,红豆,江苏无锡,服装、橡胶轮胎、房地产,433,-6,120,-11%
祝文宇,家族,1,未知,未知,,本科,逢甲大学,爱山林,台湾台北,房地产,433,New,120,NEW
陈琼香,未知,1,先生,未知,,,,宁德时代,福建宁德,锂电池,454,-66,115,-21%
方洪波,未知,1,先生,57,中国-安徽-安庆,,,美的,广东佛山,家电制造,454,111,115,10%
洪杰,未知,1,先生,57,,,,三棵树,福建莆田,涂料,454,-275,115,-59%
胡荣达,父子,2,先生,65,中国-浙江,,,三美化工,浙江金华,化工,454,17,115,-8%
胡淇翔,父子,2,先生,36,,,,三美化工,浙江金华,化工,454,17,115,-8%
黄联禧,夫妇,2,先生,61,中国-广东-佛山,,,联塑,广东佛山,建材家居,454,-48,115,-18%
左笑萍,夫妇,2,女士,51,,,,联塑,广东佛山,建材家居,454,-48,115,-18%
黄山,未知,1,先生,54,中国-湖北-武汉,,,财富趋势,广东深圳,金融软件,454,-48,115,-18%
黄世再,家族,1,先生,73,中国-广东-揭阳,,,大中华地产,广东深圳,房地产,454,-27,115,-15%
姜银台,家族,1,先生,74,,硕士,,岱美股份,上海浦东,汽车内饰,454,-129,115,-32%
赖建平,未知,1,先生,未知,,,,海天味业,广东佛山,调味品,454,38,115,-4%
吕义雄,未知,1,先生,47,中国-广东-汕头,,,上美,上海,化妆品,454,407,115,58%
马秀慧,家族,1,先生,53,,本科,,欧普照明,上海闵行,节能灯,454,-84,115,-26%
齐向东,未知,1,先生,59,,本科,吉大,奇安信,北京,网络安全,454,-129,115,-32%
邱文生,未知,1,先生,未知,,,,华勤技术,上海浦东,消费电子,454,17,115,-8%
任道德,未知,1,先生,64,,,,泰康,北京,保险,454,111,115,10%
吴映明,未知,1,先生,57,,本科,东北工学院,宁德时代,福建宁德,锂电池,454,-66,115,-21%
俞熔,未知,1,先生,53,,博士,上交大、上财、中医科学院,美年健康,上海静安,医疗服务,454,1,115,-12%
袁江涛,未知,1,先生,未知,,,,嘉立创,广东深圳,半导体,454,-152,115,-36%
曾万辉,夫妇,2,先生,56,中国-湖南,,,景嘉微,湖南长沙,电子器件制造,471,-65,110,-21%
喻丽丽,夫妇,2,女士,54,中国-湖北-武汉,,,景嘉微,湖南长沙,电子器件制造,471,-65,110,-21%
何著胜,家族,1,先生,77,中国-辽宁,,,后英,辽宁鞍山,耐火材料、钢铁、矿业,471,65,110,0%
贺正刚,未知,1,先生,70,,,,和邦股份,四川乐山,矿产、化工,471,-83,110,-24%
胡兴荣,未知,1,先生,43,中国-浙江-温州,硕士,中央党校在读,多弗,北京,贸易、房地产,471,-65,110,-21%
李力,未知,1,先生,59,中国-湖南-长沙,,湖南大学,爱尔眼科,湖南长沙,医疗服务,471,-191,110,-42%
李明,夫妇,2,先生,56,中国-甘肃-陇南,,,亚特,甘肃陇南,投资、有色金属,471,-16,110,-15%
杜楠,夫妇,2,女士,56,中国-甘肃-陇南,,,亚特,甘肃陇南,投资、有色金属,471,-16,110,-15%
刘洪林,未知,1,先生,73,中国-江苏-无锡,,,三木,江苏无锡,化工、铜加工、电线电缆,471,65,110,0%
梅志明,未知,1,先生,52,,,,普洛斯,上海浦东,物流地产、投资,471,21,110,-8%
汪顾亦珍,家族,1,先生,107,中国-香港,,,德昌电机,香港,工业产品,471,94,110,5%
王剑峰,家族,1,先生,54,,硕士,,均胜投资,浙江宁波,汽车零部件制造,471,-65,110,-21%
王文默,未知,1,先生,68,中国-福建,,,安踏,福建厦门,体育用品,471,0,110,-12%
吴尚志,未知,1,先生,74,中国-北京,博士,麻省理工,鼎晖,北京,投资,471,114,110,10%
项光明,夫妇,2,先生,61,中国-浙江-温州,,,伟明环保,浙江温州,垃圾发电,471,94,110,5%
王素勤,夫妇,2,女士,59,,,,伟明环保,浙江温州,垃圾发电,471,94,110,5%
许晨晔,未知,1,先生,53,,硕士,深圳、南大,腾讯,广东深圳,互联网服务,471,94,110,5%
许英灼,未知,1,先生,59,中国-广东-潮州,本科,悉尼大学,海大,广东广州,饲料,471,-16,110,-15%
严健军,未知,1,先生,59,中国-浙江-宁波,本科,上海工程技术,致达,上海静安,信息、金融、投资,471,21,110,-8%
姚奎章,未知,1,先生,59,,,,养元饮品,河北衡水,饮料,471,0,110,-12%
郁国祥,未知,1,先生,54,,,,乐游科技,上海,投资,471,21,110,-8%
张宁,未知,1,女士,50,,硕士,北京工商大学、英国华威大学,彤程新材,上海浦东,化工原料,471,21,110,-8%
章小华,未知,1,先生,56,,,,红狮控股,浙江金华,水泥,471,94,110,5%
赵绪龙,夫妇,2,未知,未知,中国-浙江-杭州,,,迈富时,上海静安,SaaS解决方案,471,New,110,NEW
朱水纳,夫妇,2,未知,未知,中国-广东-佛山,,,迈富时,上海静安,SaaS解决方案,471,New,110,NEW
郑春颖,未知,1,先生,未知,中国-辽宁-辽阳,,,伽蓝,上海,化妆品,471,21,110,-8%
周宗文,家族,1,先生,67,,,,周大生,广东深圳,珠宝,471,-83,110,-24%
蔡镇球,家族,1,先生,59,中国-台湾-台北,,,霖园,台湾台北,金融服务,494,261,105,31%
昌敬,未知,1,先生,42,,,,石头科技,北京,智能机器人,494,138,105,8%
陈先保,家族,1,先生,65,中国-安徽-合肥,本科,江南,华泰,安徽合肥,农副食品加工业,494,-2,105,-13%
成正辉,未知,1,先生,60,中国-广东-深圳,,,惠泰医疗,广东深圳,医疗器械,494,261,105,31%
董才平,未知,1,先生,61,中国-江苏-常州,硕士,中央党校,中天钢铁,江苏常州,钢铁、投资,494,42,105,-5%
甘忠如,未知,1,先生,76,,,,甘李药业,北京,生物制药,494,172,105,12%
何旗,未知,1,先生,42,,本科,,均和,上海浦东,钢铁贸易,494,42,105,-5%
黄巧灵,家族,1,先生,66,中国-浙江,,,宋城,浙江杭州,旅游、房地产,494,-117,105,-30%
柯尊洪,家族,1,先生,70,中国-四川-雅安,本科,华西医,康弘药业,四川成都,制药,494,212,105,24%
陆昂,未知,1,女士,61,,硕士,武汉大学,嘉德,北京,投资、拍卖,494,91,105,5%
罗智先,夫妇,2,先生,68,中国-台湾-台南,,,统一,台湾台南,食品和饮料,494,141,105,11%
高秀玲,夫妇,2,女士,未知,中国-台湾-台南,,,统一,台湾台南,食品和饮料,494,141,105,11%
蒲忠杰,夫妇,2,先生,61,,博士,西交大,乐普,北京,医疗设备,494,-88,105,-25%
张月娥,夫妇,2,女士,61,,硕士,西交大、西安理工+美國佛羅里達國際,乐普,北京,医疗设备,494,-88,105,-25%
王明旺,夫妇,2,先生,57,中国-广东-茂名,硕士,,欣旺达,广东深圳,电子部件,494,91,105,5%
蔡帝娥,夫妇,2,女士,未知,,,,欣旺达,广东深圳,电子部件,494,91,105,5%
王维,未知,1,先生,43,中国-上海,,,行云集团,广东深圳,企业服务,494,71,105,0%
王雪红,夫妇,2,先生,66,中国-台湾-新北,,,宏达,台湾桃园,半导体,494,141,105,11%
陈文琦,夫妇,2,女士,69,中国-台湾,,,宏达,台湾桃园,半导体,494,141,105,11%
许连捷,未知,1,先生,71,中国-福建-泉州,,,恒安,福建泉州,个人护理用品,494,42,105,-5%
薛向东,家族,1,先生,65,中国-山东-泰安,本科,湖南,东华软件,北京,软件与信息服务,494,-39,105,-19%
叶小平,未知,1,先生,61,中国-浙江-嘉兴,博士,牛津,泰格医药,浙江杭州,医药,494,-39,105,-19%
余凯,未知,1,先生,未知,,博士,南大、慕尼黑,地平线,北京,智能芯片,494,New,105,NEW
袁仲雪,父子,2,先生,69,,,,赛轮轮胎,山东青岛,轮胎,494,91,105,5%
袁嵩,父子,2,先生,43,,,,赛轮轮胎,山东青岛,轮胎,494,91,105,5%
张邦鑫,未知,1,先生,44,中国-江苏,硕士,川大、北大,好未来,北京,教育,494,136,105,7%
张传卫,家族,1,先生,62,中国-河南-信阳,,,明阳智能,广东中山,新能源,494,-39,105,-19%
张毓强,家族,1,先生,69,中国-浙江-嘉兴,硕士,浙江工业,振石控股,浙江嘉兴,房地产、矿产,494,-39,105,-19%
陈康平,未知,1,先生,51,,,,晶科能源,江西上饶,太阳能,517,-46,100,-20%
程维,未知,1,先生,41,中国-江西-上饶,本科,北京化工,滴滴出行,北京,生活服务平台,517,423,100,54%
邓耀,家族,1,先生,90,中国-香港,,,百丽,香港,服装与配饰,517,68,100,0%
段永平,未知,1,先生,63,中国-江西-南昌,硕士,浙大、人大,步步高,美国,投资,517,152,100,11%
顾伟,未知,1,先生,59,中国-江西-南昌,硕士,长江,兆驰股份,广东深圳,消费电子产品,517,48,100,-5%
胡应湘,未知,1,先生,89,中国-香港,,,合和实业,香港,房地产、建筑工程,517,68,100,0%
黄宏生,家族,1,先生,68,中国-海南-临高,本科,华南理工,创维,广东深圳,家用电器,517,68,100,0%
李国宝,家族,1,先生,85,伦敦,,,东亚银行,香港,银行业,517,68,100,0%
李家权,家族,1,先生,61,中国-四川,,,龙蟒,四川成都,钛白粉、磷化工,517,68,100,0%
李建全,未知,1,先生,67,,,,稳健医疗,广东深圳,医疗用品,517,-140,100,-33%
李金阳,未知,1,女士,未知,,,,赤峰黄金,内蒙古赤峰,金矿,517,118,100,5%
李宁,未知,1,先生,61,中国-广西-来宾,硕士,北大、北大,李宁,北京,体育用品、投资,517,-25,100,-17%
李仲初,家族,1,先生,61,中国-湖南-娄底,硕士,武大、航天二院,石基,北京,软件与信息服务,517,-280,100,-55%
励民,未知,1,先生,59,,,,瑞芯微,福建福州,集成电路,517,-25,100,-17%
林定强,家族,1,先生,58,中国-福建-福州,,,金辉,北京,房地产,517,-90,100,-26%
刘方毅,未知,1,先生,54,,,,英科医疗,山东淄博,医疗器械,517,189,100,18%
秦龙,未知,1,先生,59,,,,森麒麟,山东青岛,轮胎,517,152,100,11%
饶微,家族,1,先生,60,,,,新产业,广东深圳,医疗器械,517,118,100,5%
邵根伙,未知,1,先生,59,中国-浙江-金华,博士,浙大、中国农业,大北农,北京,饲料、种业,517,-46,100,-20%
施文博,未知,1,先生,74,中国-福建-泉州,,,恒安,福建泉州,个人护理用品,517,48,100,-5%
孙孟全,家族,1,先生,74,,,,鲁花,山东烟台,食用油,517,-90,100,-26%
唐修国,未知,1,先生,61,中国-湖南,本科,中南,三一,北京,重型机械,517,-46,100,-20%
田明,未知,1,先生,71,中国-安徽,,,美亚光电,安徽合肥,专用设备制造业,517,-147,100,-35%
万隆,夫妇,2,先生,84,中国-河南-漯河,,,双汇,河南郑州,食品,517,234,100,23%
王梅香,夫妇,2,女士,未知,,,,双汇,河南郑州,食品,517,234,100,23%
汪林朋,未知,1,先生,55,中国-湖北-黄冈,硕士,北京工商大学、北大,居然之家,北京,家居建材,517,-90,100,-26%
吴东进,家族,1,先生,79,中国-台湾-台北,,,新光,台湾台北,金融、医院,517,118,100,5%
谢嘉,未知,1,先生,未知,,,,大疆,广东深圳,无人机,517,-129,100,-31%
杨冰,未知,1,先生,39,中国-江西-,,,得物,上海,电商,517,68,100,0%
应书岭,未知,1,先生,43,中国-上海,本科,华东师大,英雄互娱,北京,电竞游戏,517,113,100,2%
张恭运,未知,1,先生,61,,本科,,豪迈科技,山东潍坊,机械制造,517,189,100,18%
张克强,未知,1,先生,64,中国-广东,硕士,澳大利亚梅铎,华美国际,广东广州,投资、房地产,517,19,100,-9%
张立国,未知,1,先生,60,,,,敷尔佳,黑龙江哈尔滨,护肤品,517,-215,100,-44%
张永平,未知,1,先生,63,,,,秀水街,北京,房地产,517,19,100,-9%
周剑,未知,1,先生,48,中国-上海,,,优必选,广东深圳,机器人,517,152,100,11%
陈得福,家族,1,先生,76,中国-台湾-嘉义,,,仙妮雷德,美国洛杉矶,医疗保健,551,84,95,0%
范秀莲,母女,2,先生,61,中国-辽宁-沈阳,硕士,华南工、长江商学院,海思科,西藏山南,医药,551,345,95,36%
杨飞,母女,2,女士,未知,,,,海思科,西藏山南,医药,551,345,95,36%
何涛,未知,1,先生,44,,,,圆心科技,北京,互联网医院,551,14,95,-10%
焦震,未知,1,先生,58,,硕士,山东、航空航天工业部第二研究院（山东大学）,鼎晖,北京,投资,551,118,95,6%
金磊,夫妇,2,先生,70,,,,佰仁医疗,北京,医疗器械,551,-59,95,-21%
李凤玲,夫妇,2,先生,67,,,,佰仁医疗,北京,医疗器械,551,-59,95,-21%
李晓明,家族,1,先生,66,,硕士,Universit of Massachusetts、Universit of Massachusetts,恩捷股份,云南玉溪,包装盒生产,551,-249,95,-47%
梁丰,夫妇,2,先生,56,,硕士,,璞泰来,上海浦东,锂电池材料,551,-352,95,-63%
邵晓梅,夫妇,2,女士,未知,,,,璞泰来,上海浦东,锂电池材料,551,-352,95,-63%
林来嵘,夫妇,2,先生,56,中国-内蒙古-巴彦淖尔市,,,众兴,天津,矿业,551,-59,95,-21%
安素梅,夫妇,2,女士,59,,,,众兴,天津,矿业,551,-59,95,-21%
罗秋平,夫妇,2,先生,61,中国-湖北-荆门,,,蓝月亮,广东广州,日化用品,551,-226,95,-44%
潘东,夫妇,2,女士,59,,,,蓝月亮,广东广州,日化用品,551,-226,95,-44%
彭永鹤,未知,1,先生,55,,,,新瑞鹏,广东深圳,宠物医院,551,84,95,0%
乔志涌,家族,1,先生,60,中国-四川,,,侨源股份,四川成都,液态气体,551,155,95,12%
荣智健,未知,1,先生,82,中国-上海,本科,天大,中信泰富,香港,投资、房地产,551,84,95,0%
苏纯兴,家族,1,先生,未知,中国-台湾-台北,,,和泰汽车,台湾台北,汽车零售,551,84,95,0%
王恒,家族,1,先生,76,中国-广东-广州,,,金鹰,江苏南京,零售、房地产,551,84,95,0%
王均豪,未知,1,先生,52,中国-浙江-温州,硕士,亚洲国际公开,均瑶,上海徐汇,房地产、航空、零售,551,-30,95,-17%
王振华,家族,1,先生,62,中国-江苏,,长江商学院,新城,上海普陀,房地产,551,34,95,-5%
吴东亮,家族,1,先生,未知,中国-台湾-台北,,,新光,台湾台北,金融,551,118,95,6%
吴忌寒,未知,1,先生,38,中国-重庆,本科,北大,比特小鹿,新加坡,芯片、矿机,551,34,95,-5%
吴美蓉,家族,1,先生,64,,,,美科股份,上海,太阳能设备,551,-59,95,-21%
谢菊华,家族,1,先生,73,,,,健友股份,江苏南京,原料药,551,84,95,0%
许达来,未知,1,先生,53,新加坡,硕士,新国大、斯坦福,小米,北京,智能硬件与技术、投资,551,308,95,28%
杨霞,未知,1,女士,50,,,,锦波,山西太原,生物医药,551,539,95,73%
昝圣达,未知,1,先生,61,中国-江苏-南通,,清华大学,综艺,江苏南通,新能源、信息科技、投资,551,-15,95,-14%
张世龙,家族,1,先生,58,,博士,,圣邦,北京,模拟芯片,551,14,95,-10%
周镇科,未知,1,先生,49,中国-广东-汕头,本科,华南理工,大晟文化,广东深圳,文化娱乐,551,84,95,0%
曾繁城,未知,1,先生,未知,,,,台积电,台湾新竹,半导体,576,514,90,64%
常建鸣,夫妇,2,先生,59,,,,鸣志电器,上海闵行,控制电机,576,-263,90,-49%
傅磊,夫妇,2,先生,58,,,,鸣志电器,上海闵行,控制电机,576,-263,90,-49%
陈士良,未知,1,先生,61,中国-浙江-嘉兴,,,桐昆,浙江嘉兴,化纤、房地产,576,-11,90,-14%
陈涛,夫妇,2,先生,52,中国-甘肃-陇南,,,胜宏科技,广东惠州,高密度印制电路板,576,432,90,50%
刘春兰,夫妇,2,女士,未知,,,,胜宏科技,广东惠州,高密度印制电路板,576,432,90,50%
陈智松,未知,1,先生,58,,本科,厦大,亿联网络,福建厦门,通信,576,9,90,-10%
陈卓林,家族,1,先生,62,中国-广东-中山,博士,美国哈姆斯顿,雅居乐,广东广州,投资、房地产,576,93,90,0%
邓文,夫妇,2,先生,56,中国-四川-成都,本科,,天味食品,四川成都,食品,576,-40,90,-18%
唐璐,夫妇,2,女士,54,,,,天味食品,四川成都,食品,576,-40,90,-18%
丁会,未知,1,先生,未知,,,,嘉立创,广东深圳,半导体,576,-170,90,-36%
丁会响,未知,1,先生,未知,,,,嘉立创,广东深圳,半导体,576,-170,90,-36%
董增平,未知,1,先生,54,,,,思源电气,上海闵行,输配电设备,576,285,90,23%
傅光明,家族,1,先生,70,中国-江西-抚州,,,圣农,福建南平,农业,576,-149,90,-33%
高云峰,未知,1,先生,57,,硕士,北京航空航天大学,大族激光,广东深圳,激光设备,576,9,90,-10%
何祖训,未知,1,先生,59,中国-云南-曲靖,,,神农集团,云南昆明,畜牧,576,285,90,23%
黄建勲,未知,1,先生,59,,,,联泰,广东汕头,基础建设、房地产,576,59,90,-5%
黄民奇,未知,1,先生,72,中国-台湾,,,汉辰科技,台湾台北,半导体,576,130,90,6%
黄小芬,家族,1,女士,61,中国-广东-深圳,,,景旺电子,广东深圳,印刷电路板,576,179,90,13%
赖苗,未知,1,先生,未知,,,,景田,广东深圳,饮料,576,179,90,13%
李琼,未知,1,先生,47,,硕士,天大,昆仑万维,北京,互联网游戏、投资,576,-40,90,-18%
利蕴莲,家族,1,先生,70,中国-香港,,,希慎兴业,香港,房地产,576,9,90,-10%
刘銮鸿,未知,1,先生,71,中国-香港,,,利福国际,香港,房地产,576,130,90,6%
刘振东,未知,1,先生,53,中国-河北-唐山,,,联东,北京,房地产,576,9,90,-10%
陆兆禧,未知,1,先生,55,中国-广东-广州,本科,广州,阿里系,浙江杭州,电子商务、金融科技,576,59,90,-5%
罗嘉瑞,家族,1,先生,71,中国-香港,,,鹰君,香港,房地产,576,-11,90,-14%
牛宜顺,父子,2,先生,69,中国-浙江-温州,,,华勤,山东济宁,轮胎、输送带、电力,576,9,90,-10%
牛腾,父子,2,先生,39,,,,华勤,山东济宁,轮胎、输送带、电力,576,9,90,-10%
潘刚,未知,1,先生,54,中国-内蒙古-锡林郭勒盟,博士,内蒙古农业、中欧、人大,伊利,内蒙古呼和浩特,乳制品,576,58,90,-6%
秦华,未知,1,先生,56,,,,乖宝宠物,山东聊城,宠物食品,576,130,90,6%
任建华,未知,1,先生,67,中国-浙江-杭州,,,老板电器,浙江杭州,家用电器,576,-121,90,-31%
沈亚,未知,1,先生,53,中国-浙江-温州,本科,上海铁路,唯品会,广东广州,新零售,576,-40,90,-18%
史英文,夫妇,2,先生,59,中国-广西-南宁,硕士,北大,荣和,广西南宁,房地产,576,59,90,-5%
董晓丽,夫妇,2,女士,未知,,,,荣和,广西南宁,房地产,576,59,90,-5%
苏志刚,未知,1,先生,66,中国-广东-广州,,,长隆,广东广州,旅游,576,9,90,-10%
王文杉,家族,1,先生,54,中国-台湾-台中,,,联合报业,台湾台北,传媒,576,93,90,0%
吴志刚,家族,1,先生,89,中国-辽宁,,,桃李面包,辽宁沈阳,食品,576,-84,90,-25%
夏崇耀,家族,1,先生,65,,,,东方电缆,浙江宁波,电缆,576,348,90,32%
向文波,未知,1,先生,62,中国-湖南-益阳,硕士,湖南、大连理工、中欧,三一,北京,重型机械,576,-41,90,-20%
张建国,夫妇,2,先生,61,中国-广东-茂名,,,九丰能源,广东广州,能源,576,179,90,13%
蔡丽红,夫妇,2,女士,56,中国-广东-珠海,,,九丰能源,广东广州,能源,576,179,90,13%
钟乃雄,未知,1,先生,61,,硕士,暨南,能兴,广东佛山,房地产、投资,576,-40,90,-18%
钟英武,未知,1,先生,39,中国-湖南-岳阳,硕士,大连理工、玛赫西管理大学,趣加科技,北京,游戏,576,9,90,-10%
朱世会,未知,1,先生,57,中国-广东-广州,,,先导科技,广东广州,稀散金属,576,New,90,NEW
卓军,未知,1,女士,未知,中国-香港,,,景旺电子,广东深圳,印刷电路板,576,179,90,13%
毛中吾,未知,1,先生,62,中国-湖南,本科,中南,三一,北京,重型机械,615,-51,88,-19%
洪浩,未知,1,先生,68,,博士后,中国医学科学院博士、美国Georgia大学药物化学博士后,凯莱英,天津,医药,616,-239,86,-43%
周亚辉,未知,1,先生,47,中国-云南-丽江,硕士,清华、清华,昆仑万维,北京,互联网游戏、投资,616,-80,86,-22%
鲍洪星,未知,1,先生,60,中国-江西-龙南,,,双胞胎,江西南昌,畜牧,618,390,85,42%
蔡海山,家族,1,先生,46,,,,联邦制药,香港,医药,618,322,85,31%
蔡其瑞,家族,1,先生,73,中国-台湾,,,宝成,台湾台中,服装,618,195,85,13%
陈湖文,未知,1,先生,54,中国-广东-汕头 ,,,晨光,上海松江,文具用品制造,618,-82,85,-23%
陈湖雄,未知,1,先生,54,中国-广东-汕头 ,,,晨光,上海奉贤,文具用品制造,618,-82,85,-23%
陈士斌,夫妇,2,先生,58,中国-江苏-连云港,,,石英股份,江苏连云港,石英制品,618,-338,85,-55%
邵静,夫妇,2,先生,未知,,,,石英股份,江苏连云港,石英制品,618,-338,85,-55%
陈仕荣,家族,1,先生,未知,中国-台湾,,,丰泰,台湾斗六,鞋业,618,137,85,6%
程立力,夫妇,2,先生,59,,硕士,,立华股份,江苏常州,畜牧,618,88,85,0%
沈静,夫妇,2,女士,57,,,,立华股份,江苏常州,畜牧,618,88,85,0%
杜锦豪,夫妇,2,先生,70,中国-江苏-,,,艾力斯,上海,医药,618,472,85,55%
祁菊,夫妇,2,女士,72,中国-江苏,,,艾力斯,上海,医药,618,472,85,55%
何志平,夫妇,2,先生,59,中国-江西,,,华建,广东深圳,投资,618,-97,85,-26%
张文莉,夫妇,2,女士,未知,,,,华建,广东深圳,投资,618,-97,85,-26%
黄子欣,未知,1,先生,75,,,,伟易达,香港,消费电子产品,618,137,85,6%
寇晓康,夫妇,2,先生,57,,,,蓝晓科技,陕西西安,新材料,618,-126,85,-29%
高月静,夫妇,2,先生,55,,,,蓝晓科技,陕西西安,新材料,618,-126,85,-29%
梁安琪,未知,1,女士,63,中国-广东-广州,,,澳博,香港,博彩,618,51,85,-6%
梁勤,夫妇,2,先生,53,中国-江苏-扬州,,,扬杰科技,江苏扬州,半导体,618,88,85,0%
王毅,夫妇,2,先生,64,,,,扬杰科技,江苏扬州,半导体,618,88,85,0%
凌斌,夫妇,2,先生,56,,,,康冠科技,广东深圳,电子器件制造,618,-53,85,-19%
王曦,夫妇,2,女士,56,,,,康冠科技,广东深圳,电子器件制造,618,-53,85,-19%
陆风,未知,1,先生,56,,,,万得资讯,上海浦东,数据服务,618,88,85,0%
罗乐风,家族,1,先生,未知,中国-香港,,,晶苑国际,香港,服装,618,390,85,42%
秦荣华,未知,1,先生,66,中国-台湾,,,敏实,浙江宁波,汽车零部件,618,-163,85,-35%
荣智权,家族,1,未知,未知,,硕士,美国芝加哥大学,上海商银,台湾台北,银行业,618,New,85,NEW
束崇万,家族,1,先生,70,中国-台湾,,,创见信息,台湾台北,半导体,618,322,85,31%
宋飞,家族,1,先生,58,,本科,,艾迪精密,山东烟台,机械制造,618,-33,85,-15%
孙惠刚,未知,1,先生,未知,,,,万华化学,山东烟台,投资,618,17,85,-11%
童锦泉,未知,1,先生,69,中国-江苏-南通,,,长峰房地产,上海长宁,房地产,618,-33,85,-15%
王硕,未知,1,先生,34,中国-北京,,,Deel,美国旧金山,企业服务,618,322,85,31%
魏学专,未知,1,先生,71,中国-山东-淄博,,,汇丰石化,山东淄博,化工,618,137,85,6%
夏鼎湖,父子,2,先生,80,中国-安徽,硕士,Morehead州立大学,中鼎,安徽宣城,汽车零部件,618,84,85,-3%
夏迎松,父子,2,先生,47,,,,中鼎,安徽宣城,汽车零部件,618,84,85,-3%
徐广福,父子,2,先生,未知,,,,大全,江苏镇江,电气设备制造、太阳能,618,-191,85,-37%
徐翔,父子,2,先生,未知,,,,大全,江苏镇江,电气设备制造、太阳能,618,-191,85,-37%
叶琼玖,未知,1,先生,70,中国-浙江-宁波,,,同花顺,浙江杭州,软件,618,-191,85,-37%
俞浩,未知,1,先生,37,中国-江苏-南通,,,追觅科技,江苏苏州,智能家电,618,539,85,63%
张国涛,夫妇,2,先生,39,中国-河南-开封,,,迪阿,广东深圳,珠宝首饰,618,-191,85,-37%
卢依雯,夫妇,2,女士,37,中国-河南-开封,,,迪阿,广东深圳,珠宝首饰,618,-191,85,-37%
张积敏,未知,1,先生,61,,,,青山控股,浙江温州,钢铁,618,New,85,NEW
张涛,未知,1,先生,52,中国-上海,硕士,沃顿,美团,北京,生活服务,618,17,85,-11%
张兴礼,未知,1,先生,67,中国-重庆,,,小康控股,重庆,汽车、汽车零配件,618,New,85,NEW
张兴明,未知,1,先生,67,中国-重庆,,,小康控股,重庆,汽车、汽车零配件,618,New,85,NEW
赵宗信,家族,1,未知,未知,,,,健策,台湾桃园,电子元件,618,New,85,NEW
孙宏斌,未知,1,先生,61,中国-山西-运城,硕士,武大、清华,融创,天津,房地产,653,-161,83,-31%
王吉雷,未知,1,先生,59,,,,中通,上海青浦,快递,653,16,83,-8%
赵永昌,家族,1,未知,未知,,,,健策,台湾桃园,电子元件,653,New,83,NEW
曾开天,未知,1,先生,未知,,本科,兰大,三七互娱,广东广州,网络游戏,656,-91,80,-24%
陈德军,未知,1,先生,54,中国-浙江-杭州,本科,,申通快递,上海青浦,物流,656,50,80,-6%
陈建成,父女,2,先生,65,中国-浙江-绍兴,,,卧龙控股,浙江绍兴,电气设备、房地产,656,13,80,-11%
陈嫣妮,父女,2,女士,42,,硕士,伦敦帝国,卧龙控股,浙江绍兴,电气设备、房地产,656,13,80,-11%
陈文源,夫妇,2,先生,56,,,,华兴源创,江苏苏州,设备制造,656,-120,80,-27%
张茜,夫妇,2,女士,53,,,,华兴源创,江苏苏州,设备制造,656,-120,80,-27%
成三荣,父子,2,先生,61,,,,沪光股份,江苏苏州,汽车配件,656,523,80,60%
金成成,父子,2,先生,38,,,,沪光股份,江苏苏州,汽车配件,656,523,80,60%
高兴江,未知,1,先生,61,中国-浙江-湖州,硕士,,永兴特钢,浙江湖州,不锈钢,656,-120,80,-27%
洪水树,家族,1,先生,65,中国-台湾-台南,,,可成科技,台湾台南,设备制造,656,205,80,10%
胡扬忠,未知,1,先生,59,中国-湖北-武汉,,,海康威视,浙江杭州,视频监控产品,656,-71,80,-20%
江南,未知,1,先生,61,中国-山东-济南,,,圣丰,广东广州,房地产、工业制造,656,50,80,-6%
井贤栋,未知,1,先生,52,,硕士,上交大、明尼苏达,阿里系,浙江杭州,电子商务、金融科技,656,50,80,-6%
李斌,未知,1,先生,50,中国-安徽,,北京大学,蔚来、易车,上海嘉定,电动车,656,-331,80,-53%
李东生,未知,1,先生,67,中国-广东-惠州,本科,华南理工,TCL,广东惠州,家用电器及半导体产品,656,99,80,0%
李国库,未知,1,先生,未知,,,,千喜鹤,北京,餐饮,656,-21,80,-16%
李国庆,未知,1,先生,54,中国-浙江,,,荣盛控股,浙江杭州,化纤,656,-71,80,-20%
李卫伟,未知,1,先生,47,中国-四川-成都,,,三七互娱,广东广州,网络游戏,656,-120,80,-27%
李永庆,未知,1,先生,60,中国-浙江,,,荣盛控股,浙江杭州,化纤,656,-71,80,-20%
梁信军,未知,1,先生,56,中国-浙江-台州,本科,复旦,-,上海,投资,656,13,80,-11%
刘程宇,夫妇,2,先生,62,中国-福建-宁德,本科,,科士达,广东深圳,电力设备,656,-201,80,-38%
刘玲,夫妇,2,女士,60,中国-福建-宁德,,,科士达,广东深圳,电力设备,656,-201,80,-38%
刘天文,未知,1,先生,61,,,,软通动力,北京,软件与信息服务,656,New,80,NEW
刘晓东,未知,1,先生,57,,,,百润,上海浦东,香料、酒业,656,-268,80,-45%
龙大强,夫妇,2,先生,未知,,,,中润光能,江苏徐州,光伏电池,656,New,80,NEW
孟丽叶,夫妇,2,女士,未知,,,,中润光能,江苏徐州,光伏电池,656,New,80,NEW
罗阳勇,夫妇,2,先生,49,,,,安宁股份,四川攀枝花,钒钛磁铁矿,656,-21,80,-16%
刘玉霞,夫妇,2,先生,未知,,,,安宁股份,四川攀枝花,钒钛磁铁矿,656,-21,80,-16%
阮水龙,家族,1,先生,89,中国-山东-济宁,,,龙盛,浙江绍兴,化工、钢铁,656,99,80,0%
沈华,夫妇,2,先生,61,,,,斯达半导,浙江嘉兴,半导体,656,-250,80,-43%
胡畏,夫妇,2,先生,60,,,,斯达半导,浙江嘉兴,半导体,656,-250,80,-43%
盛百椒,未知,1,先生,72,中国-上海,本科,,百丽,广东深圳,鞋业,656,157,80,7%
施崇棠,未知,1,先生,72,中国-台湾-彰化,,,华硕,台湾台北,电脑产品,656,284,80,23%
苏庆灿,未知,1,先生,55,,,,华厦眼科,福建厦门,医疗服务,656,-395,80,-61%
孙怀庆,夫妇,2,先生,55,中国-重庆,,,丸美,广东广州,化妆品,656,-21,80,-16%
王晓蒲,夫妇,2,女士,56,中国-重庆,,,丸美,广东广州,化妆品,656,-21,80,-16%
孙清焕,父子,2,先生,51,中国-江西-宜春,本科,江西工程,木林森,广东中山,光学光电,656,50,80,-6%
孙项邦,父子,2,先生,22,,,,木林森,广东中山,光学光电,656,50,80,-6%
孙喜双,家族,1,先生,71,中国-吉林,,,一方,北京,房地产、投资,656,95,80,-1%
孙勇坚,未知,1,先生,58,,,,宝矿,上海闸北,地产、贸易,656,99,80,0%
唐敖齐,家族,1,先生,79,,,,新泉股份,江苏常州,汽车配饰,656,-120,80,-27%
陶悦群,未知,1,先生,64,,博士,美国加州,欧普康视,安徽合肥,医疗器械制造、销售,656,-135,80,-30%
汪力成,未知,1,先生,64,中国-浙江-杭州,本科,浙大,华立,浙江杭州,医药、投资,656,13,80,-11%
王仕锐,未知,1,先生,37,,,,医联,四川成都,医疗服务,656,99,80,0%
王文渊,家族,1,先生,77,中国-台湾-台北,,,台塑,台湾高雄,化工,656,-71,80,-20%
肖日明,家族,1,先生,88,中国-上海,,,华明装备,上海,电力设备,656,523,80,60%
许江南,父女,2,先生,62,,,,天新药业,江西景德镇,医药,656,50,80,-6%
许晶,父女,2,女士,37,,,,天新药业,江西景德镇,医药,656,50,80,-6%
许庆奎,父子,2,先生,未知,,,,九羊,山东莱芜,钢铁、冶金、机械,656,50,80,-6%
许英强,父子,2,先生,未知,,,,九羊,山东莱芜,钢铁、冶金、机械,656,50,80,-6%
许月娟,未知,1,先生,未知,中国-浙江,,,荣盛控股,浙江杭州,化纤,656,-71,80,-20%
杨元庆,未知,1,先生,60,中国-安徽-合肥,硕士,上交大、中科大,联想,北京,计算机服务、投资,656,268,80,18%
杨长基,家族,1,先生,未知,,,,金像电子,台湾桃园,消费电子产品,656,New,80,NEW
叶德林,夫妇,2,先生,56,中国-广东-佛山,,,新明珠,广东佛山,建筑陶瓷,656,99,80,0%
李要,夫妇,2,女士,69,中国-广东-佛山,,,新明珠,广东佛山,建筑陶瓷,656,99,80,0%
钟德礼,家族,1,未知,未知,,本科,台湾中原大学,来亿兴业,台湾台中,鞋业,656,New,80,NEW
周庆治,家族,1,先生,69,,本科,浙大,南都,上海浦东,电池、投资,656,-71,80,-20%
欧雷强,未知,1,先生,56,美国,硕士,MIT、斯坦福,百济神州,北京,医药,701,-165,78,-29%
周志文,夫妇,2,先生,59,,硕士,人民解放军军事医学,昭衍新药,北京,生物医药,702,-117,77,-23%
冯宇霞,夫妇,2,女士,60,,,,昭衍新药,北京,生物医药,702,-117,77,-23%
苗拥军,未知,1,先生,57,中国-河南-郑州,硕士,,安图生物,河南郑州,医药制造业,703,45,76,-7%
曹德风,夫妇,2,先生,79,,,,佳格,台湾台北,食品和饮料,704,157,75,3%
孟海蒂,夫妇,2,女士,未知,,,,佳格,台湾台北,食品和饮料,704,157,75,3%
曾继疆,家族,1,先生,62,中国-湖南,,,宏达电子,湖南株洲,电子器件制造,704,-168,75,-32%
陈慧慧,未知,1,女士,65,中国-香港,,,南丰,香港,房地产,704,157,75,3%
方玉友,未知,1,先生,55,中国-浙江-温州,,,珀莱雅,浙江杭州,化妆品,704,-119,75,-25%
冯国纶,未知,1,先生,76,中国-广东-江门,,,利丰,香港,物流,704,109,75,0%
顾江生,家族,1,先生,51,中国-浙江-台州,本科,浙大,顾家家居,浙江杭州,家具,704,-391,75,-57%
吉为,父子,2,先生,67,,,,威胜信息,湖南长沙,通信设备,704,475,75,50%
吉喆,父子,2,先生,41,,,,威胜信息,湖南长沙,通信设备,704,475,75,50%
蒋伟,夫妇,2,先生,未知,,,,昊海生物,上海松江,生物医药,704,-35,75,-17%
游捷,夫妇,2,女士,未知,,,,昊海生物,上海松江,生物医药,704,-35,75,-17%
柯为湘,未知,1,先生,73,中国-广东-潮州,,,保利达,香港,房地产,704,-69,75,-21%
柯希平,未知,1,先生,64,中国-福建-泉州,本科,湖北经济管理干部,恒兴实业,福建厦门,投资、地产,704,51,75,-6%
李阔,未知,1,先生,未知,,,,白贝壳,浙江杭州,母婴产品,704,109,75,0%
李添财,未知,1,先生,86,,,,金车,台湾台北,食品和饮料,704,109,75,0%
李晓华,家族,1,先生,62,中国-云南,,,恩捷股份,云南玉溪,包装盒生产,704,-277,75,-44%
刘伟,未知,1,先生,59,中国-广东-梅州,本科,中山,佳都科技,广东广州,软件和信息技术,704,51,75,-6%
卢宗俊,未知,1,先生,61,,,,中谷物流,上海浦东,物流,704,2,75,-12%
马斌,夫妇,2,先生,54,,,,神马,江苏南通,电气机械和器材,704,386,75,36%
陈小琴,夫妇,2,女士,53,,,,神马,江苏南通,电气机械和器材,704,386,75,36%
任晋生,家族,1,先生,62,中国-江苏-南京,,,先声药业,江苏南京,生物医药,704,109,75,0%
茹伯兴,父子,2,先生,77,中国-江苏-常州,本科,东南,百兴,江苏常州,工业制造、房地产,704,109,75,0%
茹正伟,父子,2,先生,未知,,,,百兴,江苏常州,工业制造、房地产,704,109,75,0%
佘英杰,未知,1,先生,67,,,,新豪国际,香港,电子设备制造,704,236,75,15%
宋卫平,夫妇,2,先生,66,中国-浙江-绍兴,本科,浙大,绿城,浙江杭州,房地产,704,51,75,-6%
夏一波,夫妇,2,女士,未知,,本科,浙江电大,绿城,浙江杭州,房地产,704,51,75,-6%
谭炳照,家族,1,先生,60,,,,敏捷,广东广州,房地产,704,-119,75,-25%
谭莉莉,未知,1,先生,未知,,,,海大,广东广州,饲料,704,-35,75,-17%
王晖,家族,1,先生,63,,,,盛美半导体,上海浦东,半导体,704,-35,75,-17%
王文潮,家族,1,先生,73,中国-台湾-台北,,,台塑,台湾高雄,化工,704,-35,75,-17%
王文洋,父女,2,先生,73,中国-台湾-新北,,,宏仁,广东广州,化学原料,704,-35,75,-17%
王思涵,父女,2,女士,未知,,,,宏仁,广东广州,化学原料,704,-35,75,-17%
王信文,未知,1,先生,37,,,,莉莉丝,上海,游戏,704,2,75,-12%
王义平,家族,1,先生,63,中国-浙江,,,继峰股份,浙江宁波,汽车零部件,704,-35,75,-17%
吴宝田,家族,1,先生,73,,,,丽宝,台湾台北,房地产、酒店,704,109,75,0%
吴仲毅,未知,1,先生,51,,,,亿联网络,福建厦门,通信,704,2,75,-12%
肖红星,夫妇,2,未知,未知,中国-海南,本科,华南理工大学,广合科技,广东广州,电子元件,704,New,75,NEW
刘锦婵,夫妇,2,未知,未知,中国-江苏-镇江,本科,华南理工大学,广合科技,广东广州,电子元件,704,New,75,NEW
徐万茂,家族,1,先生,79,中国-浙江-宁波,,,华茂,浙江宁波,文具、教育、房地产、金融,704,2,75,-12%
闫洪嘉,未知,1,先生,44,中国-山西-沂州,,,宇泽,云南楚雄,新能源,704,51,75,-6%
杨浩涌,未知,1,先生,50,中国-安徽-合肥,硕士,天津大学、中科大、耶鲁,车好多,北京,汽车服务,704,109,75,0%
杨秋梅,未知,1,未知,未知,,博士,美国伊利诺,商汤科技,北京,人工智能,704,-119,75,-25%
杨钊,家族,1,先生,77,中国-广东-惠州,本科,,旭日企业,香港,服装、房地产,704,157,75,3%
杨志茂,夫妇,2,先生,61,中国-广东-东莞,本科,,新世纪科教,广东东莞,投资,704,-35,75,-17%
朱凤廉,夫妇,2,女士,未知,,,,新世纪科教,广东东莞,投资,704,-35,75,-17%
俞其兵,未知,1,先生,59,中国-浙江,,,旗滨,浙江宁波,玻璃,704,-212,75,-38%
张伟祥,未知,1,先生,未知,中国-浙江-绍兴,,,建龙,北京,钢铁、矿业、船运,704,51,75,-6%
张新,未知,1,先生,62,中国-甘肃-武威,,,特变电工,新疆昌吉,电气机械和器材制造,704,51,75,-6%
李林,未知,1,先生,42,,硕士,同济、清华,火币,北京,区块链,743,153,73,4%
方同华,家族,1,先生,61,中国-安徽-毫州,硕士,,珍宝岛药业,黑龙江鸡西,医药,744,11,72,-10%
李晓林,未知,1,先生,71,中国-北京,博士,人大、人大、法国马赛商学院,林达,北京,房地产、投资,744,11,72,-10%
邵晓峰,未知,1,先生,59,中国-浙江-杭州,,,阿里系,浙江杭州,电子商务、金融科技,744,69,72,-4%
蔡荣军,未知,1,先生,52,中国-广东-汕头,本科,汕头,欧菲光,广东深圳,光电子元器件,747,193,71,9%
陈奇星,未知,1,先生,65,,,,长盈精密,广东深圳,电子元件,747,193,71,9%
彭永东,未知,1,先生,45,,,,贝壳,北京,房地产服务,747,114,71,-3%
沈汉标,夫妇,2,先生,52,中国-广东-汕头,,,好太太,广东广州,耐用消费品,747,-162,71,-29%
王妙玉,夫妇,2,女士,48,中国-广东-汕头,,,好太太,广东广州,耐用消费品,747,-162,71,-29%
王慧文,未知,1,先生,46,,,,美团,北京,生活服务,747,64,71,-8%
易贤忠,家族,1,先生,65,中国-湖北,本科,华南理工,百奥泰,广东广州,生物医药,747,-78,71,-21%
朱一明,未知,1,先生,52,,硕士,清华、清华、美国纽约州立大学石溪分校,兆易创新,北京,芯片研发,747,4,71,-12%
陈海波,未知,1,先生,55,中国-江苏-连云港,,,深兰科技,上海,人工智能,754,142,70,0%
陈精业,未知,1,未知,未知,,本科,新加坡国立大学,冬海集团,新加坡,网络游戏、电商,754,New,70,NEW
戴文渊,夫妇,2,先生,41,中国-江苏-苏州,,,第四范式,北京,人工智能,754,-48,70,-18%
吴茗,夫妇,2,女士,未知,,,,第四范式,北京,人工智能,754,-48,70,-18%
高毅,未知,1,先生,56,中国-湖南-常德,,,益丰药房,湖南长沙,医药零售,754,-119,70,-26%
耿建明,夫妇,2,先生,62,中国-江苏-南京,博士,华北航天工业、天大+南洋理工、武汉理工,荣盛,河北廊坊,房地产,754,-233,70,-39%
杨小青,夫妇,2,女士,未知,,,,荣盛,河北廊坊,房地产,754,-233,70,-39%
郭建刚,家族,1,先生,58,中国-广东-佛山,,,新宝电器,广东佛山,小家电,754,-48,70,-18%
韩玉龙,夫妇,2,先生,39,中国-江苏-南通,,,Manner,上海,餐饮,754,142,70,0%
陆剑霞,夫妇,2,女士,31,,,,Manner,上海,餐饮,754,142,70,0%
侯昌财,未知,1,先生,68,中国-福建-泉州,,,源昌,福建厦门,房地产,754,1,70,-13%
黄健,未知,1,先生,57,中国-湖南-岳阳,,,美的,广东佛山,家电制造,754,254,70,17%
黄伟,夫妇,2,先生,65,中国-浙江-温州,本科,温州师范,新湖,浙江杭州,房地产、金融,754,-464,70,-62%
李萍,夫妇,2,女士,未知,,,,新湖,浙江杭州,房地产、金融,754,-464,70,-62%
黄泽兰,夫妇,2,先生,69,中国-江西-赣州,,,章源钨业,江西赣州,钨矿,754,142,70,0%
赖香英,夫妇,2,女士,62,,,,章源钨业,江西赣州,钨矿,754,142,70,0%
姜雪飞,夫妇,2,先生,55,中国-辽宁-大连,,,崇达科技,广东深圳,印刷电路板,754,-48,70,-18%
朱雪花,夫妇,2,女士,55,中国-广东-江口,,,崇达科技,广东深圳,印刷电路板,754,-48,70,-18%
李国强,未知,1,先生,60,,,,中升控股,辽宁大连,汽车销售,754,-283,70,-44%
李进,父子,2,先生,54,,,,李宁,北京,体育用品、投资,754,-50,70,-19%
李麒麟,父子,2,先生,37,,,,李宁,北京,体育用品、投资,754,-50,70,-19%
李振江,家族,1,先生,67,中国-河北-石家庄,,,神威,河北石家庄,医药,754,245,70,13%
李志远,夫妇,2,先生,69,中国-广西-南宁,,,金盘科技,海南海口,变压器,754,59,70,-7%
靖宇清,夫妇,2,女士,62,,,,金盘科技,海南海口,变压器,754,59,70,-7%
聂云宸,未知,1,先生,33,,,,喜茶,广东深圳,餐饮,754,-48,70,-18%
彭军,未知,1,先生,未知,,,,小马智行,广东广州,自动驾驶技术,754,142,70,0%
乔玉华,未知,1,先生,58,中国-内蒙古-鄂尔多斯,,,双欣,内蒙古鄂尔多斯,煤炭、热电、化工,754,174,70,4%
孙伟杰,未知,1,先生,61,中国-山东,,,杰瑞石油,山东烟台,石油专用设备,754,142,70,0%
谭瑞清,夫妇,2,先生,58,中国-河南,本科,,龙佰,河南焦作,钛白粉,754,105,70,-5%
张晓琳,夫妇,2,女士,未知,,,,龙佰,河南焦作,钛白粉,754,105,70,-5%
唐晔,未知,1,先生,43,,硕士,南工大、上海交大,柏楚电子,上海闵行,信息技术,754,59,70,-7%
王锦华,夫妇,2,先生,61,中国-浙江,博士,,金石资源,浙江杭州,矿产,754,1,70,-13%
宋英,夫妇,2,女士,56,,博士后,浙江大学博士后,金石资源,浙江杭州,矿产,754,1,70,-13%
王敏文,未知,1,先生,61,中国-浙江,硕士,复旦,立昂微,浙江杭州,半导体,754,-119,70,-26%
吴崇仪,未知,1,先生,65,中国-台湾,,,至兴,台湾彰化,汽车零部件,754,107,70,-4%
徐冠巨,未知,1,先生,63,中国-浙江-杭州,硕士,浙江省委党校,传化,浙江杭州,化工、农业、投资,754,-48,70,-18%
许志翰,未知,1,先生,52,,硕士,,卓胜微,江苏无锡,电子器件制造,754,-233,70,-39%
薛济萍,未知,1,先生,73,中国-江苏-南通,,,中天科技,江苏南通,电缆,754,59,70,-7%
姚其湧,未知,1,先生,60,,,,宏兆,广东深圳,投资,754,142,70,0%
袁菁,未知,1,先生,44,,,,沐瞳科技,上海,游戏,754,142,70,0%
张大中,未知,1,先生,76,中国-北京,,,大中,北京,投资,754,-52,70,-20%
张晖,未知,1,先生,46,中国-江苏,,,满帮,贵州贵阳,运输,754,142,70,0%
张利钿,家族,1,先生,60,中国-广东-潮州,,,雅士利,广东潮州,乳业,754,186,70,8%
张跃,夫妇,2,先生,64,中国-湖南-长沙,,,远大,湖南长沙,环保建筑,754,-85,70,-22%
赖玉静,夫妇,2,女士,未知,,,,远大,湖南长沙,环保建筑,754,-85,70,-22%
周国辉,未知,1,先生,59,中国-广东-梅州,,,怡亚通,广东深圳,供应链,754,59,70,-7%
周骏,未知,1,先生,未知,,,,景田,广东深圳,饮料,754,186,70,8%
庄奎龙,家族,1,先生,62,,,,新凤鸣,浙江嘉兴,化纤,754,-48,70,-18%
左宗申,家族,1,先生,71,中国-重庆,,,宗申,重庆,摩托车、房地产,754,336,70,27%
Allan Warburg,未知,1,先生,58,丹麦,,,绫致时装,北京,服装零售,792,216,68,13%
Dan Friis丹飞,未知,1,先生,55,,,,绫致时装,北京,服装零售,792,216,68,13%
丹宏,家族,1,先生,未知,,,,五得利,河北邯郸,面粉,792,69,68,-7%
傅明康,家族,1,先生,61,,,,日月股份,浙江宁波,机械配件,792,-207,68,-32%
邵建雄,未知,1,先生,60,中国-浙江,,,禾迈股份,浙江杭州,光伏逆变器,792,-86,68,-20%
伍超群,未知,1,先生,55,中国-四川-眉山,硕士,,千禾味业,四川眉山,食品,792,-86,68,-20%
张德生,家族,1,先生,75,中国-浙江,,,万马电线电缆,浙江杭州,电缆、房地产、医药,792,69,68,-7%
康永来,未知,1,未知,未知,,,Y,天兵科技,江苏苏州,航天,799,New,67,NEW
柯桂华,未知,1,先生,59,,,,科博达,上海浦东,汽车电子产品,799,-278,67,-42%
张华,未知,1,先生,未知,,,,福华,四川成都,农业、造纸、矿产,799,62,67,-8%
赵曰岭,家族,1,先生,72,中国-山东,,,金岭,山东东营,化工,799,188,67,5%
丁锋,未知,1,先生,58,,,,星星充电,江苏常州,充电桩,803,127,66,0%
邵丹薇,未知,1,女士,42,中国-江苏-常州,,,星星充电,江苏常州,充电桩,803,127,66,0%
夏曙东,未知,1,先生,52,中国-湖北-黄冈,博士,北大,千方科技,北京,智能交通,803,-48,66,-18%
袁桂宝,父女,2,先生,未知,,,,鸿宝集团,河南郑州,房地产、园林,803,-48,66,-18%
袁晓曦,父女,2,先生,未知,,,,鸿宝集团,河南郑州,房地产、园林,803,-48,66,-18%
赵鹏,未知,1,先生,54,中国-山西-长治,,,BOSS直聘,北京,招聘网站,803,-55,66,-20%
包松安,未知,1,先生,未知,中国-浙江-温州,,,亿联投资,天津,房地产、投资,808,0,65,-17%
曹骥,父子,2,先生,72,中国-浙江,,,杭可科技,浙江杭州,锂电池,808,-272,65,-41%
曹政,父子,2,先生,41,,硕士,,杭可科技,浙江杭州,锂电池,808,-272,65,-41%
陈邦栋,未知,1,先生,54,,,,思源电气,上海闵行,输配电设备,808,371,65,30%
陈保华,未知,1,先生,62,中国-浙江-台州,本科,,华海药业,浙江台州,医药,808,132,65,0%
陈竞宏,家族,1,先生,78,,,,华达科技,江苏泰州,汽车零部件,808,New,65,NEW
程涌,夫妇,2,先生,50,中国-湖南-沅江,,,奥士康,广东深圳,高密度印制电路板,808,5,65,-13%
贺波,夫妇,2,女士,53,中国-湖南-沅江,,,奥士康,广东深圳,高密度印制电路板,808,5,65,-13%
邓耀升,未知,1,先生,38,中国-香港,,,升域,香港,房地产,808,132,65,0%
丁永强,未知,1,先生,44,中国-湖北-随州,,,古瑞瓦特,广东深圳,光伏设备,808,-139,65,-28%
董清世,夫妇,2,先生,58,,,,信义,香港,玻璃,808,-102,65,-24%
施丹红,夫妇,2,女士,未知,,,,信义,香港,玻璃,808,-102,65,-24%
何中林,未知,1,先生,56,,,,融通,湖北黄石,锂电池材料,808,5,65,-13%
李朝旺,未知,1,先生,66,中国-广东-江门,硕士,广东广播电视,维达国际,香港,生活卫生产品,808,282,65,18%
李海周,夫妇,2,先生,54,中国-广东-梅州,,,兆威机电,广东深圳,电气设备,808,-102,65,-24%
谢燕玲,夫妇,2,女士,49,,,,兆威机电,广东深圳,电气设备,808,-102,65,-24%
李强,未知,1,先生,未知,,,,百雀羚,上海,化妆品,808,88,65,-7%
李思廉,未知,1,先生,67,中国-香港,硕士,香港中文大学、波士顿大学,富力地产,广东广州,投资、房地产,808,88,65,-7%
李小勤,夫妇,2,先生,53,中国-浙江-杭州,,,匠心家居,江苏常州,家具,808,New,65,NEW
徐梅钧,夫妇,2,女士,41,中国-江西-九江,,,匠心家居,江苏常州,家具,808,New,65,NEW
李新炎,夫妇,2,先生,73,中国-福建-泉州,,,中国龙工,上海松江,重型工程用车,808,132,65,0%
倪银英,夫妇,2,女士,68,,,,中国龙工,上海松江,重型工程用车,808,132,65,0%
励建立,未知,1,先生,52,,,,科达利,广东深圳,锂电池结构件,808,-223,65,-35%
廖杰远,未知,1,先生,未知,,,,微医,浙江杭州,医疗服务,808,132,65,0%
刘明辉,未知,1,先生,61,中国-香港,,,中国燃气,香港,能源,808,88,65,-7%
刘庆峰,未知,1,先生,51,中国-安徽-宣城,博士,中科大,科大讯飞,安徽合肥,软件和信息技术服务业,808,-176,65,-33%
刘先兵,未知,1,未知,未知,,博士,美国康州大学,珂玛科技,江苏苏州,陶瓷材料,808,New,65,NEW
刘修才,家族,1,先生,67,,,,凯赛生物,上海浦东,生物材料,808,-223,65,-35%
陆永华,夫妇,2,先生,61,中国-江苏-南通,,,林洋能源,江苏南通,太阳能,808,88,65,-7%
毛彩虹,夫妇,2,女士,未知,,,,林洋能源,江苏南通,太阳能,808,88,65,-7%
罗康瑞,家族,1,先生,76,中国-香港,,,瑞安,香港,房地产,808,53,65,-11%
吕培榕,未知,1,先生,65,中国-福建-泉州,,,大帝,福建泉州,投资、房地产、服装,808,53,65,-11%
明再远,未知,1,先生,61,中国-四川-德阳,,,新天然气,新疆乌鲁木齐,天然气,808,282,65,18%
欧亚平,未知,1,先生,62,中国-湖南-长沙,本科,北京理工,百仕达,香港,天然气、房地产,808,132,65,0%
邱建林,未知,1,先生,61,中国-浙江,硕士,,恒逸,浙江杭州,化纤,808,53,65,-11%
邱敏秀,家族,1,先生,79,,博士,,晶盛机电,浙江绍兴,机电设备,808,-420,65,-55%
邱祥娟,未知,1,先生,未知,中国-浙江,,,恒逸,浙江杭州,化纤,808,53,65,-11%
邱奕博,未知,1,先生,37,中国-浙江,,,恒逸,浙江杭州,化纤,808,53,65,-11%
裘国根,夫妇,2,先生,55,中国-浙江-绍兴,本科,人大,重阳投资,上海浦东,投资,808,88,65,-7%
骆奕,夫妇,2,女士,未知,,,,重阳投资,上海浦东,投资,808,88,65,-7%
孙毅,未知,1,先生,57,中国-浙江,硕士,,浙富控股,浙江杭州,清洁能源装备,808,-102,65,-24%
王建沂,未知,1,先生,61,中国-浙江,,,富通,浙江杭州,光纤光缆,808,-495,65,-63%
王文城,家族,1,先生,未知,中国-广东,,,大中,广东东莞,石材、房地产,808,88,65,-7%
温纯青,父子,2,先生,53,中国-广东-梅州,,,大百汇,广东深圳,烟草、房地产、白酒,808,200,65,8%
温瀚东,父子,2,未知,未知,中国-广东-佛山,,,大百汇,广东深圳,烟草、房地产、白酒,808,200,65,8%
吴波,家族,1,先生,70,中国-江苏-南京,硕士,,埃斯顿,江苏南京,机械装备制造,808,-243,65,-38%
吴昕阳,家族,1,先生,未知,中国-台湾-台北,,,新光三越,台湾台北,房地产,808,53,65,-11%
熊小川,未知,1,先生,58,,,,美好创亿,广东深圳,医疗机械,808,5,65,-13%
徐旭东,父女,2,先生,54,,,,旭升汽车技术,浙江宁波,汽车零部件,808,-420,65,-55%
徐若桐,父女,2,女士,27,,,,旭升汽车技术,浙江宁波,汽车零部件,808,-420,65,-55%
姚俊良,未知,1,先生,71,,,,美锦能源,山西太原,煤炭,808,5,65,-13%
詹国海,未知,1,先生,56,,,,鑫海控股,河北沧州,石油化工,808,282,65,18%
张波,未知,1,先生,未知,,,,美团,北京,生活服务,808,53,65,-11%
张近东,未知,1,先生,61,中国-江苏-南京,本科,南京师范,苏宁,江苏南京,零售、房地产,808,-139,65,-28%
张思民,夫妇,2,先生,62,中国-吉林-长春,本科,哈工大,海王,广东深圳,医药、房地产,808,5,65,-13%
王劲松,夫妇,2,女士,未知,,,,海王,广东深圳,医药、房地产,808,5,65,-13%
张轩松,未知,1,先生,53,中国-福建-福州,,,永辉,福建福州,超市零售,808,-53,65,-19%
折生阳,未知,1,先生,69,中国-陕西-西安,,,铂力特,陕西西安,金属增材制造,808,-243,65,-38%
钟志平,未知,1,先生,71,中国-澳门,,,创科实业,香港,消费品,808,371,65,30%
周伟健,未知,1,先生,未知,,,,美涂士,广东广州,墙面保护装饰,808,5,65,-13%
朱敏,夫妇,2,先生,76,中国-浙江-宁波,硕士,浙江农业、浙大,赛伯乐,浙江杭州,投资,808,53,65,-11%
徐郁清,夫妇,2,女士,75,,硕士,斯坦福,赛伯乐,浙江杭州,投资,808,53,65,-11%
宗艳民,未知,1,先生,60,,,,天岳先进,山东济南,半导体材料,808,5,65,-13%
褚健,未知,1,先生,61,,,,中控技术,浙江杭州,软件系统,859,-104,63,-21%
樊铮,未知,1,先生,45,中国-上海,,,理想汽车,北京,新能源汽车,859,-388,63,-50%
黄关林,未知,1,先生,58,中国-浙江,本科,浙江工业,申洲针织,浙江宁波,纺织、服装,859,-46,63,-16%
石毅峰,未知,1,先生,50,中国-山西-晋中,,,爱美客,北京,生物制药,859,-388,63,-50%
王斌,未知,1,先生,38,中国-湖南,,,书亦餐饮,四川成都,餐饮连锁,859,-51,63,-19%
程先锋,未知,1,先生,56,,硕士,,亿帆鑫富,浙江杭州,医药,864,-51,62,-17%
戴珊,未知,1,先生,48,,本科,杭州电子科技,阿里系,浙江杭州,电子商务、金融科技,864,76,62,-5%
石克荣,未知,1,先生,67,中国-河北-廊坊,,,汇福,河北廊坊,食品,864,-3,62,-15%
寿柏年,未知,1,先生,62,中国-浙江-绍兴,本科,浙大,绿城服务,浙江杭州,物业管理,864,127,62,-2%
吴泳铭,未知,1,先生,49,,,,阿里系,浙江杭州,电子商务、金融科技,864,76,62,-5%
赵彤彤,未知,1,先生,未知,,,,华住,上海闵行,连锁酒店,864,-109,62,-23%
贾国龙,未知,1,先生,57,中国-内蒙古-巴彦淖尔,本科,大连水产学院,西贝,北京,餐饮,870,138,61,2%
姜龙,未知,1,先生,50,,,,歌尔股份,山东潍坊,声学及多媒体产品,870,New,61,NEW
徐观宝,未知,1,先生,67,中国-浙江-杭州,,,传化,浙江杭州,化工、农业、投资,870,-57,61,-19%
尤金焕,未知,1,先生,未知,,,,华峰,浙江温州,化工、铝业、投资,870,138,61,2%
赵凯,未知,1,先生,未知,,,,成都环球世纪,四川成都,投资、房地产,870,54,61,-10%
蔡开云,未知,1,先生,52,,,,稻花香,湖北宜昌,白酒,875,-120,60,-25%
陈睿,未知,1,先生,46,中国-四川-成都,本科,成都信息工程大学,哔哩哔哩,上海杨浦,视频弹幕网站,875,133,60,0%
杜伟民,未知,1,先生,61,中国-江西-南昌,,暨南大学,康泰生物,广东深圳,生物医药,875,-240,60,-37%
辜侯天仪,家族,1,先生,未知,,,,台泥,台湾台北,水泥,875,65,60,-8%
胡鹍辉,未知,1,先生,33,中国-广东-深圳,,,亚辉龙,广东深圳,生物科技,875,304,60,20%
黄金祥,夫妇,2,先生,59,中国-安徽-宣城,,,安徽广信,安徽宣城,农药化肥、房地产,875,-174,60,-33%
赵启荣,夫妇,2,女士,58,,,,安徽广信,安徽宣城,农药化肥、房地产,875,-174,60,-33%
金鑫,未知,1,先生,57,,,,大金重工,辽宁阜新,钢结构产品,875,21,60,-14%
柯利明,未知,1,未知,未知,,硕士,澳大利亚格里菲斯大学,中国儒意,香港,娱乐,875,New,60,NEW
赖国贵,家族,1,先生,60,,,,春风控股集团,浙江杭州,摩托车,875,124,60,-3%
李杰,未知,1,先生,49,中国-四川,,,极兔速递,印度尼西亚雅加达,物流快递,875,-339,60,-45%
李凯莉,家族,1,女士,未知,,,,龙岩,台湾新北,殡葬服务,875,272,60,13%
李平,未知,1,先生,60,中国-江西-赣州,硕士,合肥工业,天高,广东广州,矿业开发、冶金贸易,875,-62,60,-20%
李咏怡,家族,1,女士,未知,,,,粤丰环保,广东东莞,环保,875,133,60,0%
梁桐灿,未知,1,先生,未知,中国-广东-佛山,,,宏宇,广东佛山,建筑陶瓷,875,-62,60,-20%
刘宝林,未知,1,先生,71,中国-湖北-孝感,,,九州通,湖北武汉,医药流通,875,-62,60,-20%
楼天城,未知,1,先生,未知,,,,小马智行,广东广州,自动驾驶技术,875,133,60,0%
鲁楚平,夫妇,2,先生,59,中国-湖北-孝感,本科,华南理工,大洋电机,广东中山,工业电机,875,65,60,-8%
彭惠,夫妇,2,女士,56,,,,大洋电机,广东中山,工业电机,875,65,60,-8%
吕绍林,夫妇,2,先生,51,中国-湖南-邵阳,,,博众精工,江苏苏州,自动化设备,875,-62,60,-20%
程彩霞,夫妇,2,女士,45,中国-江西-上饶,,,博众精工,江苏苏州,自动化设备,875,-62,60,-20%
缪双大,父子,2,先生,73,中国-江苏-无锡,,,双良,江苏无锡,空调设备,875,-14,60,-18%
缪文彬,父子,2,先生,未知,,,,双良,江苏无锡,空调设备,875,-14,60,-18%
沈波,未知,1,先生,61,,,,分布式资本,上海虹口,投资,875,215,60,9%
苏如春,家族,1,先生,56,,,,华邦,广东广州,房地产、建筑、投资,875,65,60,-8%
孙中伟,夫妇,2,先生,46,中国-山东,,,华宝新能,广东深圳,便携储能电池、太阳能,875,215,60,9%
温美婵,夫妇,2,女士,40,中国-山东,,,华宝新能,广东深圳,便携储能电池、太阳能,875,215,60,9%
童文红,未知,1,先生,54,,,,阿里系,浙江杭州,电子商务、金融科技,875,116,60,-5%
王佳,夫妇,2,先生,55,中国-云南-昆明,硕士,复旦、宾夕法尼亚,启明星辰,北京,网络安全,875,-290,60,-40%
严立,夫妇,2,女士,56,中国-上海,,,启明星辰,北京,网络安全,875,-290,60,-40%
王建东,未知,1,先生,52,中国-河北-邯郸,,,中建融东,河北邯郸,钢铁,875,-120,60,-25%
王明鎏,未知,1,先生,41,中国-四川-成都,硕士,加拿大卑诗大学（UBC）、纽约大学,毛球科技,四川成都,投资、区块链、游戏,875,-206,60,-33%
王铭祥,夫妇,2,先生,46,中国-江苏-南通,硕士,北京中医药、南京理工,东华能源,江苏南京,石油化工,875,-14,60,-18%
周一峰,夫妇,2,女士,未知,,,,东华能源,江苏南京,石油化工,875,-14,60,-18%
王维东,夫妇,2,先生,47,中国-甘肃-酒泉,,,赢合科技,广东深圳,自动化设备,875,21,60,-14%
许小菊,夫妇,2,女士,44,中国-陕西-汉中,,,赢合科技,广东深圳,自动化设备,875,21,60,-14%
王宵锟,夫妇,2,先生,41,,,,茶百道,四川成都,餐饮连锁,875,-487,60,-59%
刘洧宏,夫妇,2,女士,43,,,,茶百道,四川成都,餐饮连锁,875,-487,60,-59%
王跃旦,家族,1,先生,71,,,,富佳实业,浙江宁波,家用电器,875,282,60,15%
王泽龙,未知,1,先生,未知,,,,中核钛白,广东广州,钛白粉,875,-169,60,-29%
谢剑辉,未知,1,先生,未知,,,,富兴,湖南长沙,汽车服务，产业园区,875,193,60,3%
徐进,未知,1,先生,59,,,,口子窖,安徽淮北,白酒,875,-67,60,-23%
徐少春,未知,1,先生,61,中国-湖南-益阳,本科,东南,金蝶国际,广东深圳,财务软件,875,-290,60,-40%
杨受成,家族,1,先生,80,中国-香港,,,英皇,香港,房地产,875,-14,60,-18%
袁莉萍,未知,1,先生,53,,,,康泰生物,广东深圳,生物医药,875,-206,60,-33%
张清森,未知,1,未知,未知,,本科,仰恩大学,绿联科技,广东深圳,电子配件,875,New,60,NEW
张勇,未知,1,先生,未知,,本科,上财,阿里系,浙江杭州,电子商务、金融科技,875,112,60,-6%
张重兴,家族,1,未知,未知,,,,台湾精锐,台湾台中,工业机械,875,New,60,NEW
赵满堂,家族,1,先生,64,中国-甘肃-天水,,,盛达,甘肃兰州,矿业、酒店,875,21,60,-14%
赵延平,夫妇,2,先生,56,中国-吉林,本科,浙大,华测导航,上海青浦,卫星导航,875,65,60,-8%
杨云,夫妇,2,女士,43,,,,华测导航,上海青浦,卫星导航,875,65,60,-8%
甄荣辉,未知,1,先生,62,中国-香港,本科,香港中文大学,51job,上海静安,互联网服务,875,133,60,0%
周旭明,家族,1,先生,51,,,,科思股份,江苏南京,化学品原料,875,-71,60,-24%
陈泽民,家族,1,先生,81,中国-重庆-江津,本科,,三全食品,河南郑州,食品,918,-107,59,-23%
刘德,未知,1,先生,未知,,硕士,北京理工大学、美国加州亚帕萨迪Art Center College of Design,小米,北京,北京,918,New,59,NEW
姚劲波,未知,1,先生,48,中国-湖南-益阳,本科,中国海洋,58同城,北京,生活服务,918,90,59,-2%
张亚,夫妇,2,先生,55,,,,国光电气,四川成都,微波电子器件,918,-333,59,-41%
周文梅,夫妇,2,女士,54,,,,国光电气,四川成都,微波电子器件,918,-333,59,-41%
赵鸿飞,未知,1,先生,50,,硕士,北京理工,中科创达,北京,智能终端操作系统,918,-397,59,-49%
吕建明,未知,1,先生,59,中国-浙江,硕士,浙大,通策医疗,浙江杭州,医疗器械,923,-217,58,-32%
申东日,家族,1,先生,52,中国-黑龙江-绥化,,,朗姿,北京,服装,923,-175,58,-29%
王德根,夫妇,2,先生,53,中国-四川,,,德康农牧,四川成都,畜牧业、教育,923,-254,58,-36%
张强,夫妇,2,女士,未知,中国-四川,,,德康农牧,四川成都,畜牧业、教育,923,-254,58,-36%
吴城,未知,1,先生,未知,,,,国城,北京,矿业,923,-110,58,-23%
吴凯庭,家族,1,先生,未知,中国-福建-漳州,,,万利达,福建漳州,电子信息产品,923,-217,58,-32%
谢识才,家族,1,先生,63,中国-浙江-杭州,本科,,博威合金,浙江宁波,合金材料,923,85,58,-3%
余海军,未知,1,先生,50,中国-浙江-绍兴,本科,,宝利德,浙江杭州,汽车销售,923,17,58,-11%
周华松,夫妇,2,先生,58,,,,松霖科技,福建厦门,淋浴设备,923,256,58,16%
吴文利,夫妇,2,先生,56,,,,松霖科技,福建厦门,淋浴设备,923,256,58,16%
周文,夫妇,2,先生,59,,博士,工商管理,普利特,上海青浦,塑料制造、汽车配件,923,-217,58,-32%
郭艺群,夫妇,2,女士,60,,,,普利特,上海青浦,塑料制造、汽车配件,923,-217,58,-32%
陈学利,父子,2,先生,73,,,,威高,山东威海,医疗器械,932,-347,57,-43%
陈林,父子,2,先生,未知,,,,威高,山东威海,医疗器械,932,-347,57,-43%
苏增福,家族,1,先生,84,中国-浙江-台州,,,苏泊尔,浙江杭州,厨具、投资,932,59,57,-10%
王富济,未知,1,先生,未知,,,,片仔癀,福建漳州,医药,932,-119,57,-24%
吴惠芳,未知,1,先生,未知,中国-江苏-,,,永钢,江苏苏州,钢铁,932,8,57,-12%
吴永华,未知,1,先生,54,中国-福建,,,安踏,福建厦门,体育用品,932,8,57,-12%
钟培峰,家族,1,先生,61,,硕士,乔治亚理工,晶晨股份,上海浦东,电子,932,-177,57,-29%
周俊杰,未知,1,先生,56,,,,银都股份,浙江杭州,餐饮设备,932,76,57,-5%
刘姗姗,未知,1,女士,未知,,,,摩尔线程,北京,半导体,939,141,56,0%
陈妙林,未知,1,先生,72,中国-浙江-杭州,,,开元旅业,浙江杭州,房地产,940,150,55,0%
陈清州,夫妇,2,先生,59,中国-福建-泉州,,,海能达,广东深圳,专业无线通信设备,940,-44,55,-21%
翁丽敏,夫妇,2,女士,57,中国-福建-泉州,,,海能达,广东深圳,专业无线通信设备,940,-44,55,-21%
陈育宣,夫妇,2,先生,58,中国-江西-九江,,,电连技术,广东深圳,电子元件连接器,940,68,55,-8%
林德英,夫妇,2,女士,59,中国-江西-九江,,,电连技术,广东深圳,电子元件连接器,940,68,55,-8%
陈卓贤,家族,1,先生,57,中国-广东-中山,,,雅居乐,广东广州,投资、房地产,940,68,55,-8%
邓颖忠,家族,1,先生,73,中国-广东,,,中顺洁柔,广东中山,生活用纸,940,-185,55,-31%
郭振宇,父子,2,先生,61,中国-云南-昆明,,,贝泰妮,云南昆明,护肤品,940,-469,55,-56%
Kevin Guo,父子,2,先生,30,,,,贝泰妮,云南昆明,护肤品,940,-469,55,-56%
何德佑,未知,1,未知,未知,,,,嘉泽端子,台湾基隆,电子元件,940,New,55,NEW
何亚民,家族,1,先生,67,中国-四川,,,利君股份,四川成都,机械制造,940,-79,55,-25%
花轩德,家族,1,先生,81,中国-浙江-台州,,,中贝九洲,浙江台州,医药,940,-375,55,-48%
黄炳文,家族,1,先生,70,,,,东风印刷,广东汕头,印刷,940,-44,55,-21%
黄善兵,家族,1,先生,68,,,,捷捷微电,江苏南通,半导体器件,940,239,55,10%
黄婉茹,未知,1,先生,未知,,,,联泰,广东汕头,基础建设、房地产,940,68,55,-8%
江淦钧,未知,1,先生,60,中国-广东-广州,,,索菲亚,广东广州,家具,940,0,55,-15%
姜桂廷,夫妇,2,先生,66,,本科,,景津环保,山东德州,设备制造,940,-185,55,-31%
宋桂花,夫妇,2,女士,65,,,,景津环保,山东德州,设备制造,940,-185,55,-31%
蒋锦志,未知,1,先生,未知,,本科,武大,景林资产,上海浦东,投资,940,150,55,0%
金磊,未知,1,先生,59,,,,长春高新,吉林长春,生物制药,940,-355,55,-45%
黎经华,未知,1,先生,62,,,,罗浮宫家居,广东佛山,家具零售,940,68,55,-8%
李建华,父女,2,先生,71,中国-广东-梅州,,,威华,广东广州,地板,940,68,55,-8%
李晓奇,父女,2,女士,未知,,,,威华,广东广州,地板,940,68,55,-8%
李文美,夫妇,2,先生,62,中国-吉林-长春,硕士,吉大,万孚生物,广东广州,快速诊断试剂,940,68,55,-8%
王继华,夫妇,2,女士,62,中国-吉林-长春,,,万孚生物,广东广州,快速诊断试剂,940,68,55,-8%
李学凌,未知,1,先生,51,,,,欢聚时代,广东深圳,游戏、语音软件,940,150,55,0%
李缜,父子,2,先生,60,,,,国轩高科,安徽合肥,电池、房地产、影视、投资,940,-16,55,-19%
李晨,父子,2,先生,39,,,,国轩高科,安徽合肥,电池、房地产、影视、投资,940,-16,55,-19%
林海川,家族,1,先生,52,中国-广东-东莞,硕士,,宏川,广东东莞,仓储物流,940,-185,55,-31%
吕大龙,未知,1,先生,未知,,,,韦尔股份,上海浦东,投资,940,68,55,-8%
马国林,未知,1,先生,60,中国-浙江,,,卫星石化,浙江嘉兴,化工,940,217,55,6%
孟庆南,家族,1,先生,66,中国-湖北,硕士,,武汉凡谷,湖北武汉,通信设备元件,940,202,55,2%
潘龙泉,未知,1,先生,61,,,,泉峰,江苏南京,电动工具,940,-185,55,-31%
彭浩,未知,1,先生,57,中国-陕西-咸阳,硕士,,信维通信,广东深圳,通信部件,940,207,55,4%
瞿晓铧,夫妇,2,先生,60,,,,阿特斯,江苏苏州,光伏设备,940,-185,55,-31%
张含冰,夫妇,2,先生,未知,,,,阿特斯,江苏苏州,光伏设备,940,-185,55,-31%
商晓波,夫妇,2,先生,50,中国-浙江-绍兴,,,鸿路钢构,安徽合肥,金属结构制造业,940,-375,55,-48%
邓烨芳,夫妇,2,女士,未知,,,,鸿路钢构,安徽合肥,金属结构制造业,940,-375,55,-48%
束小龙,夫妇,2,先生,36,中国-安徽-合肥,,,老乡鸡,安徽合肥,餐饮,940,150,55,0%
董雪,夫妇,2,女士,未知,,,,老乡鸡,安徽合肥,餐饮,940,150,55,0%
孙永根,未知,1,先生,53,中国-浙江-绍兴,,,天圣控股,浙江绍兴,化纤,940,133,55,-4%
汪东颖,未知,1,先生,58,中国-甘肃-兰州,,,纳思达,广东珠海,打印设备,940,150,55,0%
王刚,未知,1,先生,48,,,,满帮,贵州贵阳,物流,940,68,55,-8%
王坚,未知,1,先生,62,,本科,浙大,阿里系,浙江杭州,电子商务、金融科技,940,150,55,0%
王俊,未知,1,先生,48,,本科,北大,碳云、华大基因,广东深圳,医疗大数据、基因检测,940,68,55,-8%
伍亚林,夫妇,2,先生,57,中国-福建-莆田,,,博俊科技,江苏苏州,汽车零部件,940,New,55,NEW
伍阿凤,夫妇,2,女士,55,,,,博俊科技,江苏苏州,汽车零部件,940,New,55,NEW
谢秉政,夫妇,2,先生,55,中国-浙江-温州,,,比音勒芬,广东广州,服装,940,-234,55,-35%
冯玲玲,夫妇,2,女士,51,中国-浙江-温州,,,比音勒芬,广东广州,服装,940,-234,55,-35%
杨文龙,家族,1,先生,62,中国-江西-宜春,硕士,人大,仁和药业,江西宜春,医药,940,-79,55,-25%
姚文琛,家族,1,先生,73,,,,姚记扑克,上海,文娱,940,-79,55,-25%
张学武,未知,1,先生,50,,,,盐津铺子,湖南长沙,食品制造,940,-127,55,-27%
张学政,未知,1,先生,49,,本科,,闻泰科技,浙江嘉兴,半导体,940,-271,55,-39%
张镇潮,未知,1,先生,57,,,,税友股份,浙江杭州,财税软件,940,-234,55,-35%
赵轶,夫妇,2,先生,48,中国-浙江,本科,,长川科技,浙江杭州,半导体设备,940,0,55,-15%
徐昕,夫妇,2,女士,未知,,,,长川科技,浙江杭州,半导体设备,940,0,55,-15%
郑元豹,未知,1,先生,66,中国-浙江-温州,,,人民电器,浙江温州,工业电器、房地产、投资,940,68,55,-8%
钟声坚,未知,1,先生,66,中国-广东-汕尾,,,仁恒,上海浦东,房地产,940,-44,55,-21%
周光平,家族,1,先生,未知,,,,小米,北京,智能硬件与技术、投资,940,New,55,NEW
周剑,未知,1,先生,48,,,,迈为股份,江苏苏州,智能制造装备,940,-404,55,-50%
杜越新,未知,1,先生,未知,,,,嘉德,北京,投资、拍卖,987,188,54,6%
耿殿根,未知,1,先生,68,,硕士,德克萨斯,光环新网,北京,电信运营,987,4,54,-14%
卢荣富,未知,1,先生,53,,本科,复旦,亿联网络,福建厦门,通信,987,21,54,-10%
徐子泉,夫妇,2,先生,66,,本科,,捷成,北京,软件与信息服务,987,18,54,-11%
康宁,夫妇,2,女士,未知,,,,捷成,北京,软件与信息服务,987,18,54,-11%
奥凤廷,未知,1,先生,65,,,,蒙泰,内蒙古鄂尔多斯,煤炭、热电、铝合金,991,New,53,NEW
代田田,未知,1,先生,41,,硕士,上海交大、上海交大,柏楚电子,上海闵行,信息技术,991,17,53,-12%
丁水波,未知,1,先生,54,中国-福建-泉州,,,特步,福建厦门,体育用品,991,-130,53,-27%
刘满世,家族,1,先生,75,中国-内蒙古,,,满世,内蒙古鄂尔多斯,煤炭,991,188,53,6%
邱达强,未知,1,先生,62,中国-香港,,,富地石油,香港,石油化工,991,99,53,-4%
施清岛,家族,1,先生,59,,,,台华新材,浙江嘉兴,纺织材料,991,99,53,-4%
吴英,未知,1,先生,60,,,,美畅,陕西咸阳,新材料,991,-455,53,-52%
谢可滔,未知,1,先生,60,,硕士,,中教,香港,教育,991,-51,53,-18%
熊晓鸽,未知,1,先生,69,中国-湖南-湘潭,博士,湖南、社科院、波士顿、塔夫茨,IDG资本,北京,投资,991,188,53,6%
徐小平,未知,1,先生,68,中国-江苏-泰兴,硕士,中央音乐、加拿大萨斯卡彻温,真格,北京,投资,991,188,53,6%
徐勇,未知,1,先生,60,中国-河南,博士,北大、美国A&M、UC Berkele,百度,北京,网络信息服务,991,-322,53,-41%
阎焱,未知,1,先生,67,中国-安徽-安庆,博士,南航、北大、普林斯顿,赛富,北京,投资,991,188,53,6%
于果,未知,1,先生,62,,硕士,,中教,香港,教育,991,-51,53,-18%
庄辰超,未知,1,先生,48,中国-上海,本科,北大,斑马投资,北京,投资,991,188,53,6%
冯陟旻,未知,1,未知,未知,,本科,新加坡国立大学,冬海集团,新加坡,网络游戏、电商,1005,New,52,NEW
傅梅城,未知,1,先生,67,中国-浙江-杭州,,,华策影视,浙江杭州,影视传媒,1005,57,52,-12%
李立新,未知,1,先生,57,中国-浙江,,,利时,浙江宁波,塑胶产品、商业连锁、投资,1005,3,52,-13%
刘海燕,未知,1,先生,未知,中国-四川,,,大陆希望,四川成都,机械电气、能源化工、房地产,1005,63,52,-10%
袁金华,未知,1,先生,65,,本科,中南,三一,北京,重型机械,1005,-18,52,-19%
朱义文,父女,2,先生,未知,,,,海吉亚,上海长宁,肿瘤检测,1005,-440,52,-50%
朱剑乔,父女,2,先生,未知,,,,海吉亚,上海长宁,肿瘤检测,1005,-440,52,-50%
胡季强,未知,1,先生,63,中国-浙江,本科,浙大,康恩贝,浙江杭州,医药,1011,62,51,-11%
彭翼捷,未知,1,先生,45,,,,阿里系,浙江杭州,电子商务、金融科技,1011,131,51,-6%
涂建华,未知,1,先生,55,,本科,四川党校,广联达,北京,软件与信息服务,1011,69,51,-9%
王振滔,父子,2,先生,59,中国-浙江-温州,,,奥康,浙江温州,鞋业、地产,1011,-6,51,-16%
王晨,父子,2,先生,未知,,,,奥康,浙江温州,鞋业、地产,1011,-6,51,-16%
尤小华,未知,1,先生,未知,,,,华峰,浙江温州,化工、铝业、投资,1011,168,51,2%
周明华,未知,1,先生,60,中国-浙江,硕士,,华海药业,浙江台州,医药,1011,168,51,2%
周云杰,未知,1,先生,63,,,,奥瑞金,北京,包装,1011,146,51,-2%
孙荫环,家族,1,先生,74,中国-辽宁,,,亿达,辽宁大连,房地产、软件园,1018,161,50.2,0%
安治富,家族,1,先生,78,中国-四川,本科,,富临,四川绵阳,房地产、运输,1019,-20,50,-19%
蔡浩,夫妇,2,先生,53,,,,中信博,江苏苏州,光伏设备,1019,New,50,NEW
杨雪艳,夫妇,2,先生,38,,,,中信博,江苏苏州,光伏设备,1019,New,50,NEW
曹建伟,未知,1,先生,46,,博士,,晶盛机电,浙江绍兴,机电设备,1019,-498,50,-57%
曹克坚,未知,1,先生,62,中国-浙江,,,开山控股,浙江衢州,压缩机,1019,-264,50,-38%
车冯升,未知,1,先生,62,中国-山东,硕士,中欧,四环医药,北京,医药,1019,128,50,-6%
陈刚,夫妇,2,先生,56,,,,爱旭股份,上海浦东,太阳能电池,1019,-564,50,-62%
欧春连,夫妇,2,女士,56,,,,爱旭股份,上海浦东,太阳能电池,1019,-564,50,-62%
陈建造,家族,1,未知,未知,,,,宝雅,台湾台南,美妆日用品连锁店,1019,New,50,NEW
陈茂春,未知,1,先生,72,中国-福建-宁德,,,兴华财富,河北邯郸,钢铁,1019,160,50,0%
陈小英,未知,1,先生,48,中国-浙江-杭州,,,申通快递,上海青浦,物流,1019,160,50,0%
陈育新,夫妇,2,先生,74,中国-四川,本科,四川农业,华西希望,四川成都,畜牧业、教育,1019,71,50,-9%
赵桂琴,夫妇,2,女士,未知,中国-四川,,,华西希望,四川成都,畜牧业、教育,1019,71,50,-9%
崔维星,未知,1,先生,54,中国-山东-潍坊,本科,厦大,德邦快递,上海青浦,快递,1019,160,50,0%
戴立忠,未知,1,先生,56,中国-北京,,,圣湘生物,湖南长沙,医药制造业,1019,New,50,NEW
戴震,未知,1,先生,46,中国-吉林-白城,,,能链,山东青岛,充电服务,1019,71,50,-9%
单建明,夫妇,2,先生,64,中国-浙江-湖州,硕士,,美欣达,浙江湖州,纺织、房地产、投资,1019,43,50,-15%
鲍凤娇,夫妇,2,女士,未知,,,,美欣达,浙江湖州,纺织、房地产、投资,1019,43,50,-15%
丁佐宏,未知,1,先生,62,中国-江苏-南通,硕士,中欧,月星,上海普陀,房地产、零售、制造,1019,-11,50,-17%
方展城,未知,1,先生,未知,,,,海天味业,广东佛山,调味品,1019,New,50,NEW
冯小华,未知,1,先生,68,中国-广东-梅州,本科,暨南,洋浦南华糖业,广西南宁,制糖业,1019,-11,50,-17%
付胜龙,家族,1,先生,62,中国-湖南-邵阳,,,大汉控股,湖南邵阳,钢材贸易、房地产,1019,-123,50,-29%
黄伟常,家族,1,先生,73,中国-香港,,,六福,香港,珠宝零售,1019,71,50,-9%
纪海鹏,家族,1,先生,57,中国-广东-汕头,,,龙光地产,广东深圳,房地产,1019,-11,50,-17%
江黎明,未知,1,先生,未知,中国-湖北-武汉,本科,武大,利泰,广东佛山,汽车经销,1019,-79,50,-23%
蒋锡培,父子,2,先生,61,中国-江苏-无锡,,,智慧能源,江苏无锡,电缆、医药、房地产,1019,-79,50,-23%
蒋承志,父子,2,先生,38,,,,智慧能源,江苏无锡,电缆、医药、房地产,1019,-79,50,-23%
柯建生,未知,1,先生,60,,,,索菲亚,广东广州,家具,1019,New,50,NEW
李俊田,未知,1,先生,49,,,,汇川技术,广东深圳,工业自动化产品,1019,-158,50,-32%
李完小,家族,1,先生,58,中国-湖南-长沙,,,航天环宇,湖南长沙,航空设备,1019,-264,50,-38%
李志刚,未知,1,先生,48,,博士,,帝尔激光,湖北武汉,设备制造,1019,-11,50,-17%
林伯实,家族,1,先生,79,中国-台湾-台北,,,台玻,台湾台北,建筑玻璃,1019,54,50,-12%
林鸿明,未知,1,未知,未知,,硕士,清华大学,信骅科技,台湾新竹,半导体,1019,New,50,NEW
林集永,未知,1,先生,54,中国-广东-惠阳,,,慕思,广东东莞,床垫,1019,-79,50,-23%
林晓辉,夫妇,2,先生,51,,,,伟禄,香港,投资、房地产,1019,160,50,0%
苏娇华,夫妇,2,先生,未知,,,,伟禄,香港,投资、房地产,1019,160,50,0%
刘国伟,未知,1,先生,52,,,,汇川技术,广东深圳,工业自动化产品,1019,-206,50,-33%
刘冀鲁,父女,2,先生,77,中国-安徽,,,顺丰,广东深圳,快递,1019,71,50,-9%
刘凌云,父女,2,女士,48,,,,顺丰,广东深圳,快递,1019,71,50,-9%
鲁卫东,未知,1,先生,59,,,,鄂尔多斯,内蒙古鄂尔多斯,羊绒、煤电、冶金、房地产,1019,138,50,-4%
马飞,夫妇,2,先生,56,中国-广东-河源,,,飞荣达,广东深圳,电子元件,1019,128,50,-6%
黄峥,夫妇,2,女士,53,中国-安徽-合肥,,,飞荣达,广东深圳,电子元件,1019,128,50,-6%
阙伟东,家族,1,先生,56,,,,确成股份,江苏无锡,化工,1019,New,50,NEW
沈国荣,未知,1,先生,未知,,,,国电南瑞,江苏南京,电网自动化,1019,New,50,NEW
孙洪军,未知,1,先生,51,中国-辽宁-铁岭,,,艾为电子,上海,芯片,1019,-158,50,-32%
孙雁军,家族,1,未知,未知,,,,飞南资源,广东佛山,金属回收,1019,New,50,NEW
陶春风,未知,1,先生,57,,,,长鸿高科,浙江宁波,高分子材料,1019,-20,50,-19%
陶意,未知,1,先生,未知,,,,波克,上海,游戏,1019,-313,50,-41%
田刚印,未知,1,未知,未知,,本科,北京理工大学,联合飞机,广东深圳,航天,1019,New,50,NEW
万永兴,未知,1,先生,53,,,,中瑞,河南郑州,煤炭供应链管理、房地产,1019,-28,50,-21%
王兵,夫妇,2,先生,42,中国-山东-东营,,,十月稻田,北京,食品,1019,New,50,NEW
赵文君,夫妇,2,女士,未知,,,,十月稻田,北京,食品,1019,New,50,NEW
王炳坤,未知,1,先生,52,中国-广东-东莞,,,慕思,广东东莞,床垫,1019,-79,50,-23%
王春生,夫妇,2,先生,49,,本科,江苏理工,安洁科技,江苏苏州,消费电子组件,1019,New,50,NEW
吕莉,夫妇,2,女士,48,,,,安洁科技,江苏苏州,消费电子组件,1019,New,50,NEW
王力展,未知,1,先生,未知,,,,海天味业,广东佛山,调味品,1019,New,50,NEW
王念强,未知,1,先生,60,中国-安徽-铜陵,,,比亚迪,广东深圳,汽车、充电电池,1019,New,50,NEW
王晓申,未知,1,先生,56,,,,赣锋锂业,江西新余,有色金属冶炼加工,1019,-206,50,-33%
王张兴,未知,1,先生,57,中国-浙江-绍兴,,,城市地产,上海浦东,房地产、投资,1019,160,50,0%
韦锦坤,父子,2,先生,71,,,,泛微网络,上海闵行,计算机技术,1019,-384,50,-47%
韦利东,父子,2,先生,48,,本科,浙大,泛微网络,上海闵行,计算机技术,1019,-384,50,-47%
文剑平,未知,1,先生,62,中国-湖南,博士,中南林业、中南林业科技、澳大利亚新南威尔士,碧水源,北京,污水处理,1019,54,50,-12%
吴亦圭,家族,1,先生,72,中国-台湾,,,台聚,台湾台北,化工,1019,-11,50,-17%
谢卓明,家族,1,未知,未知,,本科,台湾大同大学,旭隼,台湾台北,电气设备,1019,New,50,NEW
徐国忠,家族,1,先生,61,,,,江苏国茂,江苏常州,设备制造,1019,-384,50,-47%
徐明星,未知,1,先生,39,,本科,中国人民大学,欧科云链,北京,区块链,1019,160,50,0%
杨建良,家族,1,先生,55,,,,弘元绿能,江苏无锡,光伏设备,1019,-592,50,-63%
杨龙忠,未知,1,先生,58,中国-江西-上饶,本科,中南,比亚迪,广东深圳,汽车、充电电池,1019,71,50,-9%
姚雄杰,未知,1,先生,未知,中国-福建-龙岩,,,盛屯,广东深圳,锂电新能源材料,1019,-158,50,-32%
叶华能,未知,1,先生,73,中国-广东-梅州,,,宝丽华,广东广州,新能源,1019,160,50,0%
叶继跃,夫妇,2,先生,57,中国-浙江,本科,,三维股份,浙江台州,橡胶制品,1019,-89,50,-24%
张桂玉,夫妇,2,女士,56,,,,三维股份,浙江台州,橡胶制品,1019,-89,50,-24%
俞德超,未知,1,先生,60,中国-浙江-台州,,,信达生物,江苏苏州,生物医药,1019,New,50,NEW
袁金钰,家族,1,先生,68,,本科,,顺络电子,广东深圳,新型电子元件,1019,160,50,0%
袁帅,未知,1,先生,37,,,,莉莉丝,上海,游戏,1019,71,50,-9%
袁永彬,夫妇,2,先生,62,,,,伯特利,安徽芜湖,汽车零部件,1019,-89,50,-24%
潘禾佳,夫妇,2,女士,61,,,,伯特利,安徽芜湖,汽车零部件,1019,-89,50,-24%
张昊,未知,1,先生,37,,,,莉莉丝,上海,游戏,1019,71,50,-9%
张瑞安,未知,1,先生,49,,硕士,新加坡国立、新加坡国立,乐鑫科技,上海浦东,芯片,1019,New,50,NEW
张天瑜,未知,1,先生,57,,,,广和通,广东深圳,通信设备,1019,-206,50,-33%
张伟,未知,1,先生,67,,,,热威股份,浙江杭州,热电元件,1019,-28,50,-21%
赵贵钦,家族,1,未知,未知,,,,润本股份,广东广州,日化用品,1019,New,50,NEW
赵玉乔,家族,1,先生,未知,中国-河北-迁安,,,九江,河北迁安,钢铁、酒店,1019,-11,50,-17%
郑效东,父女,2,先生,60,,,,东富龙,上海闵行,医疗设备,1019,-264,50,-38%
郑可青,父女,2,先生,未知,,,,东富龙,上海闵行,医疗设备,1019,-264,50,-38%
钟怀军,家族,1,先生,60,中国-四川-阿坝,,,紫燕食品,上海闵行,食品,1019,-206,50,-33%
周儒欣,父子,2,先生,61,中国-北京,硕士,南开,北斗星通,北京,卫星导航设备,1019,49,50,-14%
周光宇,父子,2,先生,32,中国-北京,,,北斗星通,北京,卫星导航设备,1019,49,50,-14%
周文起,未知,1,先生,未知,,,,华北,天津,铜业、房地产,1019,160,50,0%
周晓峰,夫妇,2,先生,55,,,,宁波华翔,浙江宁波,汽车零配件,1019,71,50,-9%
张松梅,夫妇,2,先生,未知,,,,宁波华翔,浙江宁波,汽车零配件,1019,71,50,-9%
朱兴良,未知,1,先生,65,中国-江苏-苏州,,苏州科技大学,金螳螂,江苏苏州,建筑,1019,-79,50,-23%
